slug,icon,titre,texte
annecy,ğŸŠ,Lac d'Annecy,"Juin-sep â€” baignade dans l'un des lacs les plus purs d'Europe, plages de Talloires."
annecy,ğŸ¥¾,Semnoz & Tournette,"Mai-oct â€” sentiers panoramiques surplombant le lac, dÃ©part vieille ville."
annecy,ğŸ°,Vieille ville & Palais de l'Ãle,"Toute l'annÃ©e â€” ruelles pavÃ©es, canaux, marchÃ© du dimanche."
annecy,ğŸš´,Voie verte du lac,"Avr-oct â€” 40 km de piste cyclable en bord de lac, location facile."
annecy,ğŸ§€,Gastronomie savoyarde,"Oct-mars â€” tartiflette, fondue, raclette dans les fermes-auberges."
toulouse,ğŸš€,CitÃ© de l'Espace,"Toute l'annÃ©e â€” parc spatial unique en Europe, rÃ©plique Ariane 5, planÃ©tarium."
toulouse,ğŸ½ï¸,Gastronomie Sud-Ouest,"Toute l'annÃ©e â€” cassoulet, foie gras, marchÃ©s couverts Victor Hugo."
toulouse,ğŸï¸,Canal du Midi,"Avr-oct â€” croisiÃ¨re ou vÃ©lo le long du canal UNESCO, Ã©cluses et platanes."
toulouse,ğŸŒ¹,Ville rose & Capitole,"Toute l'annÃ©e â€” place du Capitole, Saint-Sernin, couvent des Jacobins."
toulouse,âœˆï¸,Visite Airbus,"Toute l'annÃ©e â€” usine A380, musÃ©e Aeroscopia, coulisses aÃ©ronautiques."
alsace,ğŸ·,Route des vins,"Sep-oct â€” vendanges, caves ouvertes de Thann Ã  Marlenheim, 170 km."
alsace,ğŸ„,MarchÃ©s de NoÃ«l,"Nov-dÃ©c â€” Strasbourg, Colmar, Kaysersberg : les plus anciens d'Europe."
alsace,ğŸ˜ï¸,Villages Ã  colombages,"Mai-sep â€” Riquewihr, Eguisheim, Kaysersberg sous le soleil."
alsace,ğŸ¥¾,RandonnÃ©e vosgienne,"Juin-sep â€” Grand Ballon, crÃªtes des Vosges, sentiers balisÃ©s."
alsace,ğŸº,Brasseries & winstubs,"Toute l'annÃ©e â€” choucroute, flammekueche, biÃ¨res locales Ã  Strasbourg."
la-rochelle,â›µ,Vieux-Port & voile,"Mai-sep â€” port historique, rÃ©gates, tours mÃ©diÃ©vales illuminÃ©es."
la-rochelle,ğŸš²,Ãle de RÃ©,"Juin-sep â€” vÃ©lo entre marais salants, plages et villages blancs."
la-rochelle,ğŸ ,Aquarium,"Toute l'annÃ©e â€” l'un des plus grands d'Europe, 12 000 espÃ¨ces marines."
la-rochelle,ğŸ¦ª,HuÃ®tres Marennes-OlÃ©ron,"Oct-mars â€” saison des huÃ®tres, cabanes de dÃ©gustation au port."
val-d-isere,â›·ï¸,Ski Espace Killy,"DÃ©c-avr â€” 300 km de pistes partagÃ©es avec Tignes, poudreuse garantie."
val-d-isere,ğŸ¥¾,Parc de la Vanoise,"Juil-aoÃ»t â€” marmottes, lacs d'altitude, sentiers balisÃ©s."
val-d-isere,ğŸšµ,VTT & trail,"Juin-sep â€” descentes balisÃ©es, remontÃ©es mÃ©caniques ouvertes l'Ã©tÃ©."
val-d-isere,ğŸ”ï¸,Face de Bellevarde,"DÃ©c-mars â€” piste olympique 1992, dÃ©nivelÃ© 959 m."
nantes,ğŸ˜,Machines de l'Ã®le,"Toute l'annÃ©e â€” Ã©lÃ©phant mÃ©canique gÃ©ant, Carrousel des Mondes Marins."
nantes,ğŸ°,ChÃ¢teau des ducs de Bretagne,"Toute l'annÃ©e â€” forteresse mÃ©diÃ©vale, musÃ©e d'histoire gratuit."
nantes,ğŸ·,Muscadet & vignobles,"Sep-oct â€” route du Muscadet, dÃ©gustations en bord de Loire."
nantes,ğŸ¨,Voyage Ã  Nantes,"Juil-aoÃ»t â€” parcours artistique urbain estival, installations Ã©phÃ©mÃ¨res."
cannes,ğŸ¬,Festival de Cannes,"Mai â€” montÃ©e des marches, ambiance Croisette, projections plein air."
cannes,ğŸ–ï¸,Plages & Croisette,"Juin-sep â€” plages publiques et privÃ©es, eau Ã  24Â°C."
cannes,ğŸï¸,Ãles de LÃ©rins,"Avr-oct â€” 15 min en bateau, Sainte-Marguerite et Saint-Honorat."
cannes,ğŸ¾,MarchÃ© Forville & bars du Suquet,"Toute l'annÃ©e â€” marchÃ© provenÃ§al, restaurants Ã©toilÃ©s, vieux quartier."
palma-de-majorque,ğŸ›ï¸,CathÃ©drale de la Seu,"Toute l'annÃ©e â€” gothique en bord de mer, rosace gÃ©ante, Å“uvre GaudÃ­."
palma-de-majorque,ğŸ–ï¸,Criques turquoise,"Mai-oct â€” Cala MondragÃ³, Cala Varques, Es Trenc."
palma-de-majorque,ğŸš´,Serra de Tramuntana,"Mars-mai ou sep-oct â€” cols cyclistes UNESCO, routes panoramiques."
palma-de-majorque,ğŸ·,Vins & ensaÃ¯mada,"Toute l'annÃ©e â€” Binissalem DO, sobrasada, marchÃ©s locaux."
ronda,ğŸŒ‰,Pont Neuf & gorge du Tajo,"Toute l'annÃ©e â€” Puente Nuevo, 100 m au-dessus du ravin."
ronda,ğŸ‚,ArÃ¨nes historiques,"Mars-oct â€” plus ancienne arÃ¨ne d'Espagne (1785), musÃ©e taurin."
ronda,ğŸ·,Bodegas de Ronda,"Sep-oct â€” vignobles en altitude, cÃ©pages locaux, route des vins."
ronda,ğŸ¥¾,Via Ferrata El Tajo,"Avr-juin ou sep-nov â€” parcours vertigineux au-dessus de la gorge."
marbella,ğŸ–ï¸,Plages & chiringuitos,"Mai-oct â€” Nikki Beach, NagÃ¼eles, 27 km de cÃ´te dorÃ©e."
marbella,ğŸ˜ï¸,Casco Antiguo,"Toute l'annÃ©e â€” ruelles blanches, Plaza de los Naranjos, boutiques."
marbella,â›³,Golf,"Oct-mai â€” 15+ parcours (La Quinta, Aloha), tempÃ©ratures 18-22Â°C."
marbella,ğŸ½ï¸,Puerto BanÃºs,"Toute l'annÃ©e â€” marina de luxe, restaurants, vie nocturne."
bari,ğŸ›ï¸,Bari Vecchia & Saint-Nicolas,"Toute l'annÃ©e â€” vieille ville fortifiÃ©e, basilique romane, cathÃ©drale."
bari,ğŸ,Orecchiette & focaccia,"Toute l'annÃ©e â€” pÃ¢tes faites main dans les ruelles, focaccia barese."
bari,ğŸ°,Castel del Monte,"Mars-oct â€” chef-d'Å“uvre UNESCO de FrÃ©dÃ©ric II, 70 km de Bari."
bari,ğŸ–ï¸,Polignano a Mare,"Juin-sep â€” falaises, criques, plongeon depuis les rochers."
lecce,ğŸ›ï¸,Baroque leccese,"Toute l'annÃ©e â€” Santa Croce, Piazza del Duomo, pierre dorÃ©e sculptÃ©e."
lecce,ğŸ–ï¸,Plages du Salento,"Juin-sep â€” Torre dell'Orso, Pescoluse Â« Maldives des Pouilles Â»."
lecce,ğŸ·,Primitivo & pasticciotto,"Toute l'annÃ©e â€” vin Primitivo, pÃ¢tisserie locale, rustico leccese."
lecce,ğŸ­,Sagre & fÃªtes,"Juil-aoÃ»t â€” fÃªtes patronales, sagre gastronomiques dans les villages."
genes,ğŸ›ï¸,Palazzi dei Rolli,"Toute l'annÃ©e â€” plus grand centre mÃ©diÃ©val d'Europe, palais UNESCO."
genes,ğŸ,Pesto & focaccia di Recco,"Toute l'annÃ©e â€” pesto alla genovese, trofie, farinata."
genes,ğŸ ,Acquario di Genova,"Toute l'annÃ©e â€” plus grand aquarium d'Italie, dauphins, mÃ©duses."
genes,ğŸ–ï¸,Cinque Terre,"Avr-oct â€” 5 villages Ã  2h de train, randonnÃ©e cÃ´tiÃ¨re."
catane,ğŸŒ‹,Excursion Etna,"Avr-oct â€” sommet du plus grand volcan actif d'Europe, 3 357 m."
catane,ğŸŸ,Pescheria & street food,"Toute l'annÃ©e â€” marchÃ© aux poissons historique, arancini, granita."
catane,ğŸ›ï¸,Baroque sicilien,"Toute l'annÃ©e â€” Piazza del Duomo, Via Etnea, Monastero dei Benedettini."
catane,ğŸ–ï¸,Plages volcaniques,"Juin-sep â€” San Giovanni Li Cuti, Aci Trezza, roches noires."
sorrente,ğŸ‹,Limoncello & citronniers,"Toute l'annÃ©e â€” terrasses d'agrumes, production artisanale locale."
sorrente,ğŸ–ï¸,CÃ´te Amalfitaine,"Mai-oct â€” excursion Positano, Amalfi, Ravello depuis Sorrente."
sorrente,ğŸï¸,Capri,"Avr-oct â€” 20 min en ferry, Grotta Azzurra, jardins d'Auguste."
sorrente,ğŸ,Gnocchi alla sorrentina,"Toute l'annÃ©e â€” cuisine locale, fruits de mer, vino de la cÃ´te."
ravello,ğŸµ,Festival de Ravello,"Juin-sep â€” concerts classiques au BelvÃ©dÃ¨re de la Villa Rufolo."
ravello,ğŸ›ï¸,Terrasse de l'Infini,"Toute l'annÃ©e â€” Villa Cimbrone, la plus belle vue de la cÃ´te."
ravello,ğŸ¥¾,Sentier des Dieux,"Avr-oct â€” randonnÃ©e spectaculaire entre Agerola et Positano."
ravello,ğŸ’°,Budget,"Oct-nov â€” cÃ´te dÃ©sertÃ©e, prix divisÃ©s par 2, lumiÃ¨re automnale."
taormina,ğŸ›ï¸,ThÃ©Ã¢tre grÃ©co-romain,"Toute l'annÃ©e â€” vue Etna et baie depuis les gradins antiques."
taormina,ğŸ–ï¸,Isola Bella,"Mai-sep â€” plage au pied de la falaise, rÃ©serve naturelle."
taormina,ğŸ¬,Taormina Film Fest,"Juin â€” projections en plein air dans le thÃ©Ã¢tre antique."
taormina,ğŸ·,Vins de l'Etna,"Toute l'annÃ©e â€” Nerello Mascalese, caves sur les pentes du volcan."
siena,ğŸ,Palio di Siena,"2 juil & 16 aoÃ»t â€” course de chevaux mÃ©diÃ©vale, Piazza del Campo."
siena,ğŸ›ï¸,Piazza del Campo,"Toute l'annÃ©e â€” place en coquillage, Palazzo Pubblico, Torre del Mangia."
siena,ğŸ·,Chianti Classico,"Sep-oct â€” vendanges, route du Chianti entre vignobles et collines."
siena,ğŸ˜ï¸,Val d'Orcia,"Mai-juin ou sep â€” collines UNESCO, Pienza, Montalcino, cyprÃ¨s toscans."
trieste,â˜•,CafÃ©s historiques,"Toute l'annÃ©e â€” San Marco, Antico Torinese : capitale italienne du cafÃ©."
trieste,ğŸ°,ChÃ¢teau de Miramare,"Toute l'annÃ©e â€” palais Habsbourg en bord de mer, jardins botaniques."
trieste,ğŸŒŠ,Barcola & Grotta Gigante,"Juin-sep â€” baignade locale, plus grande grotte touristique au monde."
trieste,ğŸ·,Osmize du Carso,"Toute l'annÃ©e â€” tavernes rurales du Karst, jota triestina, vins locaux."
mumbai,ğŸ›ï¸,Gateway of India & Colaba,"Oct-mars â€” Taj Mahal Palace, Crawford Market, quartier colonial."
mumbai,ğŸ¬,Bollywood,"Toute l'annÃ©e â€” studios Film City, visites de tournages, Dharavi."
mumbai,ğŸ›,Street food de Chowpatty,"Toute l'annÃ©e â€” vada pav, pav bhaji, bhel puri sur la plage."
mumbai,ğŸï¸,Elephanta Caves,"Oct-mai â€” grottes sculptÃ©es UNESCO, 1h en ferry depuis le port."
jaipur,ğŸ°,Amber Fort & Hawa Mahal,"Oct-mars â€” forts et palais de la Ville Rose, 20-25Â°C idÃ©aux."
jaipur,ğŸ˜,Festival des Ã©lÃ©phants,"Mars â€” Holi avec Ã©lÃ©phants dÃ©corÃ©s, explosion de couleurs."
jaipur,ğŸ§µ,Bazars & artisanat,"Toute l'annÃ©e â€” Johari Bazaar (bijoux), textiles block-print, Bapu Bazaar."
jaipur,ğŸ›,Cuisine rajasthani,"Toute l'annÃ©e â€” dal baati churma, laal maas, lassi chez Lassiwala."
varanasi,ğŸ›•,Ghats du Gange,"Oct-mars â€” cÃ©rÃ©monie Ganga Aarti au coucher, bateau au lever du soleil."
varanasi,ğŸ•‰ï¸,Kashi Vishwanath & Sarnath,"Toute l'annÃ©e â€” temple d'or, site bouddhiste, quartier sacrÃ© millÃ©naire."
varanasi,ğŸµ,Festival Dhrupad,"FÃ©v-mars â€” musique classique hindoustanie, traditions millÃ©naires."
varanasi,ğŸ›,Street food sacrÃ©e,"Toute l'annÃ©e â€” kachori, chaat, lassi au safran, thali vÃ©gÃ©tarien."
udaipur,ğŸ°,Lake Palace & City Palace,"Oct-mars â€” palais flottant, Monsoon Palace au coucher du soleil."
udaipur,â›µ,Lac Pichola,"Oct-mars â€” bateau au coucher, Jag Mandir, reflets dorÃ©s sur l'eau."
udaipur,ğŸ¨,Peinture miniature,"Toute l'annÃ©e â€” Ã©cole de miniatures, ateliers d'artisans rajasthanis."
udaipur,ğŸ’°,Budget,"Juil-sep â€” mousson mais prix -50%, riads et palais quasi dÃ©serts."
agra,ğŸ•Œ,Taj Mahal au lever,"Oct-mars â€” lumiÃ¨re dorÃ©e Ã  l'aube, affluence moindre Ã  6h."
agra,ğŸ°,Fort d'Agra,"Oct-mars â€” forteresse moghole UNESCO, vue sur le Taj depuis les remparts."
agra,ğŸ•Œ,Fatehpur Sikri,"Oct-mars â€” citÃ© moghole fantÃ´me Ã  40 km, grÃ¨s rouge sculptÃ©."
agra,ğŸ›,Cuisine moghole,"Toute l'annÃ©e â€” petha (confiserie locale), kebabs, biryani d'Agra."
pondicherry,ğŸ˜ï¸,Quartier franÃ§ais,"Toute l'annÃ©e â€” rues coloniales pastel, cafÃ©s, bougainvilliers."
pondicherry,ğŸ§˜,Auroville & Matrimandir,"Toute l'annÃ©e â€” citÃ© utopique, sphÃ¨re dorÃ©e, mÃ©ditation."
pondicherry,ğŸ–ï¸,Paradise Beach,"Nov-mars â€” plage accessible en bateau, saison sÃ¨che idÃ©ale."
pondicherry,ğŸ›,Cuisine franco-indienne,"Toute l'annÃ©e â€” crÃªpes au curry, dosai, cafÃ©s de la rue Suffren."
hampi,ğŸ›ï¸,Ruines de Vijayanagara,"Oct-mars â€” temples UNESCO, Vittala Temple et char de pierre."
hampi,ğŸ§—,Bouldering,"Oct-mars â€” blocs de granit mythiques, communautÃ© grimpeurs active."
hampi,ğŸš²,VÃ©lo dans les ruines,"Nov-fÃ©v â€” 500+ monuments Ã  explorer Ã  vÃ©lo, 20-28Â°C."
hampi,ğŸ’°,Budget,"Nov-fÃ©v â€” guesthouses Ã  5â‚¬/nuit, thali Ã  1â‚¬, Inde la moins chÃ¨re."
kochi,ğŸ£,Filets chinois & Fort Cochin,"Oct-mars â€” filets historiques, Ã©glises portugaises, synagogue juive."
kochi,ğŸ’ƒ,Kathakali,"Toute l'annÃ©e â€” spectacles de danse rituelle, maquillage Ã©laborÃ©."
kochi,ğŸ›¶,Backwaters d'Alleppey,"Sep-mars â€” houseboat dans les riziÃ¨res et canaux du Kerala."
kochi,ğŸ›,Cuisine kÃ©ralaise,"Toute l'annÃ©e â€” appam, fish curry, thali sur feuille de bananier."
sapporo,â„ï¸,Festival de neige,"FÃ©vrier â€” sculptures de glace gÃ©antes Ã  Odori Park, 2M+ visiteurs."
sapporo,ğŸœ,Ramen miso & crabe,"Toute l'annÃ©e â€” ramen de Sapporo, crabe royal, Genghis Khan BBQ."
sapporo,â›·ï¸,Ski Niseko & Furano,"DÃ©c-mars â€” poudreuse lÃ©gendaire, 15 m de neige/an, onsen aprÃ¨s-ski."
sapporo,ğŸŒ¸,Sakura tardifs,"Mai â€” hanami un mois aprÃ¨s Tokyo, Maruyama Park, Goryokaku."
nara,ğŸ¦Œ,Daims du parc,"Toute l'annÃ©e â€” 1 200 daims en libertÃ©, biscuits shika senbei."
nara,ğŸ›•,Todai-ji,"Toute l'annÃ©e â€” plus grande structure en bois au monde, Bouddha de 15 m."
nara,ğŸ‚,Feuillages d'automne,"Nov â€” parc et temples en rouge et or, moins de monde qu'Ã  Kyoto."
nara,ğŸ¡,Mochi de Nakatanidou,"Toute l'annÃ©e â€” mochi pilonnÃ© en direct, kakinoha sushi, matcha."
nagasaki,ğŸ•Šï¸,MÃ©morial de la paix,"Toute l'annÃ©e â€” Parc de la Paix, musÃ©e, cÃ©rÃ©monie du 9 aoÃ»t."
nagasaki,ğŸ˜ï¸,Glover Garden,"Mars-mai â€” jardins sur la colline, architecture occidentale, vue baie."
nagasaki,ğŸ‰,Kunchi Festival,"Octobre â€” festival dragon chinois de 400 ans, quartier Dejima."
nagasaki,ğŸœ,Champon & castella,"Toute l'annÃ©e â€” nouilles champon, gÃ¢teau portugais castella, shippoku."
sarajevo,ğŸ•Œ,BaÅ¡ÄarÅ¡ija,"Toute l'annÃ©e â€” bazar ottoman, mosquÃ©e Gazi Husrev-beg, Ä‡evapi."
sarajevo,ğŸ”ï¸,Montagnes olympiques,"DÃ©c-mars â€” ski Jahorina et BjelaÅ¡nica, sites JO 1984."
sarajevo,â˜•,Culture du cafÃ© bosniaque,"Toute l'annÃ©e â€” cafÃ© prÃ©parÃ© en dÅ¾ezva, Sebilj et vieille ville."
sarajevo,ğŸ›ï¸,Tunnel de l'espoir,"Toute l'annÃ©e â€” tunnel du siÃ¨ge 1992-96, mÃ©moire vivante de la guerre."
belgrade,ğŸµ,Vie nocturne & splavovi,"Mai-oct â€” bars flottants sur le Danube, Savamala, Skadarlija."
belgrade,ğŸ°,Forteresse de Kalemegdan,"Toute l'annÃ©e â€” citadelle au confluent Danube-Save, vue panoramique."
belgrade,ğŸ½ï¸,Cuisine serbe,"Toute l'annÃ©e â€” Ä‡evapÄiÄ‡i, pljeskavica, rakija dans les kafanas."
belgrade,ğŸ’°,Budget,"Toute l'annÃ©e â€” capitale europÃ©enne la moins chÃ¨re, repas 5-8â‚¬."
skopje,ğŸ›ï¸,Vieux bazar ottoman,"Toute l'annÃ©e â€” plus grand bazar des Balkans aprÃ¨s Istanbul."
skopje,ğŸ”ï¸,Canyon Matka,"Avr-oct â€” gorge Ã  30 min, kayak, grottes, monastÃ¨res mÃ©diÃ©vaux."
skopje,ğŸ½ï¸,TavÄe gravÄe & kebapi,"Toute l'annÃ©e â€” cuisine macÃ©donienne, vins de TikveÅ¡, rakija."
skopje,ğŸ’°,Budget,"Toute l'annÃ©e â€” hÃ©bergement 20-30â‚¬/nuit, repas complet 5â‚¬."
tirana,ğŸ¨,Street art & Blloku,"Toute l'annÃ©e â€” quartier branchÃ©, fresques murales, cafÃ©s tendance."
tirana,ğŸ”ï¸,Dajti Express,"Avr-oct â€” tÃ©lÃ©phÃ©rique vers le mont Dajti, vue sur toute la ville."
tirana,ğŸ›ï¸,Place Skanderbeg,"Toute l'annÃ©e â€” mosquÃ©e Et'hem Bey, musÃ©e national, bunkers."
tirana,ğŸ’°,Budget,"Toute l'annÃ©e â€” l'une des capitales les moins chÃ¨res d'Europe, repas 3-5â‚¬."
riyad,ğŸ›ï¸,Diriyah & At-Turaif,"Oct-mars â€” site UNESCO, berceau du royaume saoudien, quartier restaurÃ©."
riyad,ğŸ™ï¸,Boulevard Riyadh City,"Oct-mars â€” parc de divertissement, restaurants, Ã©vÃ©nements culturels."
riyad,ğŸœï¸,Edge of the World,"Nov-fÃ©v â€” falaises spectaculaires Ã  90 min, coucher de soleil saisissant."
riyad,ğŸ’°,Budget,"Nov-fÃ©v â€” hors Ramadan, tempÃ©ratures supportables 20-25Â°C."
djeddah,ğŸ›ï¸,Al-Balad,"Oct-avr â€” vieille ville UNESCO, maisons Ã  moucharabiehs, souks."
djeddah,ğŸ¤¿,PlongÃ©e mer Rouge,"Toute l'annÃ©e â€” rÃ©cifs coralliens, Ã©paves, eau Ã  26-30Â°C."
djeddah,ğŸ½ï¸,Front de mer Corniche,"Oct-avr â€” promenade de 30 km, restaurants de poisson, coucher soleil."
djeddah,ğŸ’°,Budget,"Nov-fÃ©v â€” tempÃ©ratures douces, hors saison Hajj."
bahrein,ğŸ›ï¸,Fort de BahreÃ¯n,"Oct-avr â€” site UNESCO, 4 000 ans d'histoire, musÃ©e archÃ©ologique."
bahrein,ğŸ¤¿,PlongÃ©e & perles,"Oct-mai â€” sentier des perles UNESCO, sites de plongÃ©e, eau claire."
bahrein,ğŸï¸,Grand Prix de F1,"Mars â€” circuit de Sakhir, course nocturne, ambiance internationale."
bahrein,ğŸ½ï¸,Manama & souks,"Oct-avr â€” souk de Bab al-Bahrain, cuisine du Golfe, restaurants."
koweÃ¯t,ğŸ›ï¸,Tours de KoweÃ¯t,"Nov-mars â€” icÃ´nes architecturales, vue panoramique sur la baie."
koweÃ¯t,ğŸ›ï¸,Souks & Mubarakiya,"Toute l'annÃ©e â€” marchÃ© historique, Ã©pices, dattes, artisanat bÃ©douin."
koweÃ¯t,ğŸ–ï¸,Failaka Island,"Oct-avr â€” Ã®le archÃ©ologique, ruines grecques, plages tranquilles."
koweÃ¯t,ğŸ’°,Budget,"Nov-fÃ©v â€” 22Â°C, musÃ©es gratuits, plages publiques accessibles."
beyrouth,ğŸ½ï¸,Gastronomie libanaise,"Toute l'annÃ©e â€” mezze, manoushe, restaurants de Gemmayzeh et Mar Mikhael."
beyrouth,ğŸ”ï¸,CÃ¨dres & vallÃ©e de Qadisha,"Mai-oct â€” forÃªt millÃ©naire UNESCO, gorge spectaculaire, randonnÃ©e."
beyrouth,ğŸ›ï¸,Byblos & Baalbek,"Avr-oct â€” citÃ©s phÃ©niciennes et temples romains colossaux."
beyrouth,ğŸ–ï¸,Batroun & Tyr,"Juin-sep â€” plages de la cÃ´te nord, Tyr et ses ruines balnÃ©aires."
muscat,ğŸ•Œ,Grande MosquÃ©e Sultan Qaboos,"Oct-mars â€” l'une des plus belles mosquÃ©es du monde, tapis persan gÃ©ant."
muscat,ğŸœï¸,Wahiba Sands,"Nov-mars â€” dunes dorÃ©es, bivouac bÃ©douin, 4x4 dans le dÃ©sert."
muscat,ğŸ¤¿,Fjords de Musandam,"Oct-avr â€” dhow cruise, plongÃ©e, dauphins, paysage spectaculaire."
muscat,ğŸ›ï¸,Souks de Muttrah,"Oct-avr â€” encens, argent omanais, corniche en bord de mer."
casablanca,ğŸ•Œ,MosquÃ©e Hassan II,"Toute l'annÃ©e â€” 3e plus grande mosquÃ©e du monde, minaret de 210 m sur mer."
casablanca,ğŸ›ï¸,Quartier Art dÃ©co,"Toute l'annÃ©e â€” architecture des annÃ©es 1930, boulevard Mohammed V."
casablanca,ğŸ½ï¸,Gastronomie & marchÃ© central,"Toute l'annÃ©e â€” fruits de mer, pastilla, tajines, pÃ¢tisseries."
casablanca,ğŸ’°,Budget,"Nov-fÃ©v â€” hors saison, vols et hÃ´tels moins chers, 18Â°C."
nairobi,ğŸ¦,Safari Nairobi National Park,"Juin-oct â€” lions et girafes avec skyline en arriÃ¨re-plan."
nairobi,ğŸ¦’,Giraffe Centre & David Sheldrick,"Toute l'annÃ©e â€” girafes nourries Ã  la main, Ã©lÃ©phanteaux orphelins."
nairobi,ğŸ”ï¸,Excursion Rift Valley,"Juin-oct â€” lac Naivasha, lac Nakuru, flamants roses."
nairobi,ğŸ½ï¸,Gastronomie naÃ¯robienne,"Toute l'annÃ©e â€” nyama choma, ugali, restaurants du quartier Karen."
mombasa,ğŸ–ï¸,Plages Diani & Nyali,"Jan-mars ou juil-oct â€” sable blanc, eau turquoise, rÃ©cifs."
mombasa,ğŸ°,Fort Jesus,"Toute l'annÃ©e â€” forteresse portugaise UNESCO de 1593, musÃ©e."
mombasa,ğŸ¤¿,PlongÃ©e & snorkel,"Oct-mars â€” parc marin de Kisite-Mpunguti, tortues, dauphins."
mombasa,ğŸ½ï¸,Cuisine swahilie,"Toute l'annÃ©e â€” biryani mombassien, pilau, fruits de mer Ã©picÃ©s."
johannesburg,ğŸ›ï¸,Apartheid Museum,"Toute l'annÃ©e â€” mÃ©moire nationale, Constitution Hill, Soweto."
johannesburg,ğŸ¦,Safari Pilanesberg,"Mai-oct â€” Big Five Ã  2h30 de Joburg, saison sÃ¨che idÃ©ale."
johannesburg,ğŸ¨,Maboneng & Arts on Main,"Toute l'annÃ©e â€” quartier arty, galeries, street food, marchÃ©s."
johannesburg,ğŸ’°,Budget,"Mai-aoÃ»t â€” hiver sec, vols Europe-Afrique au meilleur prix."
durban,ğŸ–ï¸,Golden Mile,"Toute l'annÃ©e â€” plage urbaine, surf, eau chaude toute l'annÃ©e (21-26Â°C)."
durban,ğŸ›,Bunny chow & curry,"Toute l'annÃ©e â€” curry dans pain Ã©vidÃ©, cuisine indo-sud-africaine unique."
durban,ğŸ¦,Hluhluwe-Imfolozi,"Mai-oct â€” rÃ©serve rhinocÃ©ros Ã  3h, Big Five, saison sÃ¨che."
durban,ğŸ’°,Budget,"Mai-aoÃ»t â€” hiver doux 22Â°C, prix bas, moins de touristes."
accra,ğŸ–ï¸,Labadi Beach,"Nov-mars â€” plage animÃ©e, reggae, cocotiers, saison sÃ¨che."
accra,ğŸ°,Cape Coast Castle,"Toute l'annÃ©e â€” fort esclavagiste UNESCO Ã  2h, mÃ©moire poignante."
accra,ğŸ½ï¸,Street food & Makola Market,"Toute l'annÃ©e â€” jollof rice, kelewele, waakye, marchÃ©s animÃ©s."
accra,ğŸ¥,Chale Wote Festival,"AoÃ»t â€” art de rue, musique, performances dans le quartier Jamestown."
abidjan,ğŸ–ï¸,Plages de Grand-Bassam,"Nov-mars â€” station balnÃ©aire UNESCO coloniale Ã  40 km, saison sÃ¨che."
abidjan,ğŸ½ï¸,Maquis & attiÃ©kÃ©,"Toute l'annÃ©e â€” restaurants de plein air, poulet braisÃ©, alloco."
abidjan,ğŸ›ï¸,Plateau & cathÃ©drale,"Toute l'annÃ©e â€” quartier d'affaires moderniste, Saint-Paul (Aldo Rossi)."
abidjan,ğŸ’°,Budget,"DÃ©c-fÃ©v â€” saison sÃ¨che, hÃ©bergement abordable en Plateau."
kigali,ğŸ¦,Gorilles des Virunga,"Juin-sep â€” trek dans le parc des Volcans, 1h face aux gorilles."
kigali,ğŸ›ï¸,MÃ©morial du gÃ©nocide,"Toute l'annÃ©e â€” mÃ©morial de Gisozi, devoir de mÃ©moire essentiel."
kigali,â˜•,CafÃ© rwandais,"Toute l'annÃ©e â€” plantations, torrÃ©faction artisanale, dÃ©gustation."
kigali,ğŸŒ¿,Parc de Nyungwe,"Juin-sep â€” forÃªt tropicale, chimpanzÃ©s, canopy walk Ã  50 m."
addis-abeba,ğŸ›ï¸,MusÃ©e national & Lucy,"Toute l'annÃ©e â€” squelette d'australopithÃ¨que, 3,2 millions d'annÃ©es."
addis-abeba,â˜•,CÃ©rÃ©monie du cafÃ©,"Toute l'annÃ©e â€” berceau du cafÃ©, torrÃ©faction rituelle, jebena."
addis-abeba,ğŸ½ï¸,Injera & cuisine Ã©thiopienne,"Toute l'annÃ©e â€” injera aux wots Ã©picÃ©s, tibs, marchÃ©s du Merkato."
addis-abeba,ğŸ’°,Budget,"Oct-mai â€” saison sÃ¨che, vols intÃ©rieurs bon marchÃ©."
stone-town,ğŸ˜ï¸,MÃ©dina de Zanzibar,"Juin-oct â€” ruelles labyrinthiques UNESCO, portes sculptÃ©es, Ã©pices."
stone-town,ğŸŒ¶ï¸,Spice Tour,"Juil-oct â€” plantations de clou de girofle, vanille, muscade."
stone-town,ğŸ–ï¸,Plages de Nungwi,"Juin-oct â€” sable blanc, eau turquoise, dhows traditionnels."
stone-town,ğŸ½ï¸,Jardins de Forodhani,"Toute l'annÃ©e â€” marchÃ© nocturne de fruits de mer, pizzas zanzibarites."
victoria-falls,ğŸŒŠ,Chutes Victoria,"FÃ©v-mai â€” dÃ©bit maximal, spray visible Ã  30 km, arc-en-ciel."
victoria-falls,ğŸš£,Rafting ZambÃ¨ze,"AoÃ»t-dÃ©c â€” rapides classe V parmi les meilleurs au monde."
victoria-falls,ğŸ¦,Safari Chobe,"Mai-oct â€” parc du Chobe Ã  80 km, Ã©lÃ©phants par milliers."
victoria-falls,ğŸŒ‰,Pont & saut Ã  l'Ã©lastique,"Toute l'annÃ©e â€” 111 m au-dessus de la gorge, vue sur les chutes."
kampala,ğŸ¦,Gorilles de Bwindi,"Juin-sep â€” trek depuis Kampala, forÃªt impÃ©nÃ©trable UNESCO."
kampala,ğŸ›ï¸,Tombes des rois du Buganda,"Toute l'annÃ©e â€” site UNESCO Ã  Kasubi, culture royale."
kampala,ğŸ½ï¸,Rolex & street food,"Toute l'annÃ©e â€” omelette roulÃ©e dans chapati, matoke, cuisine locale."
kampala,ğŸ’°,Budget,"Juin-aoÃ»t â€” saison sÃ¨che, safaris et lodges moins chers."
lagos,ğŸµ,Afrobeats & vie nocturne,"Toute l'annÃ©e â€” Lekki, Victoria Island, clubs et concerts live."
lagos,ğŸ–ï¸,Tarkwa Bay & Elegushi,"Nov-mars â€” plages accessibles en bateau, saison sÃ¨che."
lagos,ğŸ½ï¸,Street food & jollof,"Toute l'annÃ©e â€” suya grillÃ©, jollof rice, marchÃ©s de Lekki."
lagos,ğŸ¨,Nike Art Gallery,"Toute l'annÃ©e â€” 4 Ã©tages d'art contemporain nigÃ©rian, ateliers."
dar-es-salaam,ğŸ–ï¸,Plages de Kigamboni,"Juin-oct â€” plages sauvages, kitesurf, fruit de mer frais."
dar-es-salaam,ğŸ›¶,Ãle de Bongoyo,"Juin-oct â€” snorkel Ã  30 min en bateau, rÃ©cifs prÃ©servÃ©s."
dar-es-salaam,ğŸ½ï¸,Kivukoni Fish Market,"Toute l'annÃ©e â€” poisson grillÃ© ultra-frais, ambiance portuaire."
dar-es-salaam,ğŸ’°,Budget,"Juin-oct â€” haute saison mais prix trÃ¨s bas, hÃ©bergement 15-25â‚¬."
xian,ğŸ›ï¸,ArmÃ©e de terre cuite,"Mars-mai ou sep-nov â€” 8 000 guerriers, UNESCO, Ã©viter chaleur estivale."
xian,ğŸ°,Remparts de Xi'an,"Toute l'annÃ©e â€” muraille Ming de 14 km Ã  vÃ©lo, vue panoramique."
xian,ğŸœ,Quartier musulman,"Toute l'annÃ©e â€” roujiamo (burger chinois), biang biang noodles, brochettes."
xian,ğŸ’°,Budget,"Nov-fÃ©v â€” billets et hÃ´tels -30%, froid mais supportable 5-10Â°C."
chengdu,ğŸ¼,Base des pandas gÃ©ants,"Toute l'annÃ©e â€” bÃ©bÃ©s pandas, visite tÃ´t le matin pour les voir actifs."
chengdu,ğŸŒ¶ï¸,Cuisine sichuanaise,"Toute l'annÃ©e â€” hotpot, mapo tofu, dan dan noodles, poivre de Sichuan."
chengdu,ğŸµ,Maisons de thÃ©,"Toute l'annÃ©e â€” People's Park, culture du thÃ©, parties de mahjong."
chengdu,ğŸ›ï¸,Bouddha gÃ©ant de Leshan,"Mars-mai ou sep-nov â€” statue de 71 m Ã  2h, UNESCO."
guilin,ğŸï¸,CroisiÃ¨re Li River,"Avr-oct â€” paysages karstiques entre Guilin et Yangshuo, iconiques."
guilin,ğŸš²,Yangshuo & vÃ©lo,"Avr-oct â€” riziÃ¨res, pics karstiques, escalade, vie bohÃ¨me."
guilin,ğŸŒ¾,Terrasses de Longji,"Mai-juin ou sep-oct â€” riziÃ¨res en terrasses, villages Zhuang et Yao."
guilin,ğŸœ,Nouilles de riz de Guilin,"Toute l'annÃ©e â€” guilin mifen, spÃ©cialitÃ© locale incontournable."
samarcande,ğŸ•Œ,Registan,"Avr-mai ou sep-oct â€” 3 madrasas, mosaÃ¯ques turquoise, cÅ“ur de la route de la soie."
samarcande,ğŸ›ï¸,Shah-i-Zinda,"Avr-oct â€” nÃ©cropole aux mausolÃ©es bleus, la plus belle d'Asie centrale."
samarcande,ğŸ½ï¸,Plov & bazars,"Toute l'annÃ©e â€” pilaf ouzbek, pain tandoor, bazar Siab."
samarcande,ğŸ’°,Budget,"Nov-fÃ©v â€” hÃ´tels -40%, sites peu frÃ©quentÃ©s, froid mais sec."
almaty,ğŸ”ï¸,Montagnes du Tian Shan,"Juin-sep â€” tÃ©lÃ©phÃ©rique Kok Tobe, station Shymbulak, Big Almaty Lake."
almaty,â›·ï¸,Ski Shymbulak,"DÃ©c-mars â€” station Ã  30 min du centre, poudreuse Ã  prix doux."
almaty,ğŸ,Bazar vert & cuisine,"Toute l'annÃ©e â€” Green Bazaar, beshbarmak, pommes sauvages originelles."
almaty,ğŸï¸,Charyn Canyon,"Mai-oct â€” Â« Grand Canyon du Kazakhstan Â», 200 km d'Almaty."
sao-paulo,ğŸ½ï¸,Gastronomie mondiale,"Toute l'annÃ©e â€” plus de restaurants que toute autre ville d'AmÃ©rique du Sud."
sao-paulo,ğŸ¨,MusÃ©es & Beco do Batman,"Toute l'annÃ©e â€” MASP, Pinacoteca, street art de Vila Madalena."
sao-paulo,ğŸµ,Vida noturna & samba,"Toute l'annÃ©e â€” Vila Madalena, Jardins, scÃ¨ne musicale intense."
sao-paulo,ğŸ’°,Budget,"Avr-juin â€” hors vacances, hÃ´tels business moins chers le weekend."
salvador-de-bahia,ğŸ¥,Pelourinho & Olodum,"Toute l'annÃ©e â€” quartier colonial UNESCO, percussions, capoeira."
salvador-de-bahia,ğŸ­,Carnaval de Salvador,"FÃ©vrier â€” plus grand carnaval de rue au monde, 6 jours de fÃªte."
salvador-de-bahia,ğŸ½ï¸,Cuisine bahianaise,"Toute l'annÃ©e â€” acarajÃ©, moqueca, vatapÃ¡, cuisine afro-brÃ©silienne."
salvador-de-bahia,ğŸ–ï¸,Plages ItapuÃ£ & Porto da Barra,"Nov-mars â€” eau chaude, cocotiers, ambiance tropicale."
cusco,ğŸ›ï¸,Centre historique inca,"Avr-oct â€” Qorikancha, Plaza de Armas, murs incas, altitude 3 400 m."
cusco,ğŸ”ï¸,Machu Picchu,"Mai-sep â€” saison sÃ¨che, trek Inca Trail ou train depuis Ollantaytambo."
cusco,ğŸŒˆ,Montagne Arc-en-ciel,"Avr-oct â€” Vinicunca, randonnÃ©e Ã  5 200 m, couleurs gÃ©ologiques."
cusco,ğŸ½ï¸,Cuisine novoandina,"Toute l'annÃ©e â€” ceviche de trucha, cuy, marchÃ©s de San Pedro."
lima,ğŸ½ï¸,Capitale gastronomique,"Toute l'annÃ©e â€” ceviche, Mistura, Central (#1 mondial), Miraflores."
lima,ğŸ›ï¸,Centro histÃ³rico,"Avr-nov â€” Plaza Mayor, catacombes San Francisco, architecture coloniale."
lima,ğŸ–ï¸,Costa Verde & Barranco,"DÃ©c-mars â€” surf, falaises, quartier bohÃ¨me, coucher de soleil."
lima,ğŸŒ«ï¸,Huaca Pucllana,"Toute l'annÃ©e â€” pyramide prÃ©-inca au milieu de Miraflores, dÃ®ner-spectacle."
cartagena,ğŸ°,Ciudad Amurallada,"DÃ©c-avr â€” murailles coloniales, balcons fleuris, GetsemanÃ­ street art."
cartagena,ğŸ–ï¸,Ãles du Rosaire,"DÃ©c-avr â€” archipel corallien Ã  45 min, snorkel, plages intactes."
cartagena,ğŸ½ï¸,Cuisine caribÃ©enne,"Toute l'annÃ©e â€” ceviche, arepa de huevo, cocktails au CafÃ© del Mar."
cartagena,ğŸ’°,Budget,"Mai-juin ou sep-nov â€” prix -30%, orages courts l'aprÃ¨s-midi."
montevideo,ğŸ–,Asado & Mercado del Puerto,"Toute l'annÃ©e â€” grillades lÃ©gendaires au marchÃ© historique de 1868."
montevideo,ğŸ–ï¸,Rambla & Ciudad Vieja,"Nov-mars â€” promenade de 22 km, plages Pocitos et RamÃ­rez."
montevideo,ğŸ·,Tannat & bodegas,"Mars-mai â€” vendanges, route du vin uruguayen, cÃ©page Tannat."
montevideo,ğŸ’°,Budget,"Avr-oct â€” hors saison estivale, hÃ´tels -30%, ville calme."
quito,ğŸ›ï¸,Centro histÃ³rico,"Toute l'annÃ©e â€” premier site UNESCO au monde, Ã©glises coloniales dorÃ©es."
quito,ğŸŒ‹,Avenue des volcans,"Juin-sep â€” Cotopaxi, Chimborazo, treks en altitude spectaculaires."
quito,ğŸ¦,ForÃªt de nuages Mindo,"Toute l'annÃ©e â€” 500 espÃ¨ces d'oiseaux, papillons, zip-line."
quito,ğŸ½ï¸,Cuisine Ã©quatorienne,"Toute l'annÃ©e â€” locro de papas, ceviche de crevettes, marchÃ©s."
la-paz,ğŸ”ï¸,Altiplano & Illimani,"Mai-oct â€” vue sur l'Illimani (6 438 m), tÃ©lÃ©phÃ©rique urbain."
la-paz,ğŸ›£ï¸,Route de la Mort Ã  VTT,"Mai-oct â€” descente de 3 600 m en 64 km, adrÃ©naline pure."
la-paz,ğŸ›ï¸,MarchÃ© des sorciÃ¨res,"Toute l'annÃ©e â€” remÃ¨des traditionnels, fÅ“tus de lama, artisanat."
la-paz,ğŸ’°,Budget,"Mai-oct â€” l'une des capitales les moins chÃ¨res au monde, repas 2-3â‚¬."
asuncion,ğŸ›ï¸,Casco histÃ³rico & PanteÃ³n,"Avr-sep â€” palais LÃ³pez, PanteÃ³n des HÃ©ros, architecture coloniale."
asuncion,ğŸ½ï¸,Cuisine guaranÃ­,"Toute l'annÃ©e â€” sopa paraguaya, chipa, tererÃ© (matÃ© froid)."
asuncion,ğŸŒ¿,Ã‘eembucÃº & Chaco,"Mai-sep â€” zones humides, oiseaux, safari dans le Chaco."
asuncion,ğŸ’°,Budget,"Mai-aoÃ»t â€” hiver doux, pays trÃ¨s abordable, hÃ´tels 15-25â‚¬."
bariloche,ğŸ”ï¸,Route des Sept Lacs,"Nov-mars â€” 110 km de lacs turquoise, forÃªts et volcans."
bariloche,â›·ï¸,Cerro Catedral,"Juil-sep â€” plus grande station de ski d'AmÃ©rique du Sud."
bariloche,ğŸ«,Chocolat artisanal,"Toute l'annÃ©e â€” Calle Mitre, dizaines de chocolateries artisanales."
bariloche,ğŸš´,Circuito Chico,"Nov-mars â€” boucle de 65 km, vues panoramiques, brasseries."
san-jose,ğŸŒ¿,VolcÃ¡n PoÃ¡s & IrazÃº,"DÃ©c-avr â€” cratÃ¨res fumants, forÃªt de nuages, matinÃ©e dÃ©gagÃ©e."
san-jose,ğŸ¸,Monteverde & Arenal,"DÃ©c-avr â€” ponts suspendus, quetzals, sources chaudes."
san-jose,ğŸ½ï¸,Mercado Central,"Toute l'annÃ©e â€” casado, gallo pinto, jus de fruits tropicaux frais."
san-jose,ğŸ’°,Budget,"Mai-nov â€” saison verte, prix -30%, nature luxuriante."
antigua-guatemala,ğŸ›ï¸,Ruines coloniales,"Toute l'annÃ©e â€” cathÃ©drale en ruines, arche Santa Catalina, volcans."
antigua-guatemala,ğŸŒ‹,VolcÃ¡n de Fuego,"Nov-avr â€” randonnÃ©e au lever, vue sur les Ã©ruptions nocturnes."
antigua-guatemala,â˜•,CafÃ© guatÃ©maltÃ¨que,"Toute l'annÃ©e â€” plantations autour d'Antigua, torrÃ©faction artisanale."
antigua-guatemala,ğŸ¨,Semana Santa,"Mars-avr â€” processions sur tapis de sciure colorÃ©e, tradition unique."
san-juan,ğŸ–ï¸,Condado & Isla Verde,"DÃ©c-avr â€” plages urbaines, eau turquoise, surf."
san-juan,ğŸ°,Viejo San Juan,"Toute l'annÃ©e â€” El Morro, rues pavÃ©es colorÃ©es, forteresse espagnole."
san-juan,ğŸ¹,PiÃ±a colada & gastronomie,"Toute l'annÃ©e â€” berceau de la piÃ±a colada, mofongo, lechÃ³n."
san-juan,ğŸ’°,Budget,"Mai-nov â€” hors haute saison, hÃ´tels -40%."
nassau,ğŸ–ï¸,Cable Beach & Paradise Island,"Nov-avr â€” sable rose, eaux cristallines, Atlantis Resort."
nassau,ğŸ·,Cochons nageurs d'Exuma,"Nov-avr â€” excursion Ã  Big Major Cay, cochons dans l'eau turquoise."
nassau,ğŸ¤¿,PlongÃ©e & requins,"Nov-mai â€” Stuart Cove's, rÃ©cifs, requins de rÃ©cif, Ã©paves."
nassau,ğŸ½ï¸,Conch salad & Fish Fry,"Toute l'annÃ©e â€” conque fraÃ®che, poisson frit Ã  Arawak Cay."
turks-et-caicos,ğŸ–ï¸,Grace Bay Beach,"Nov-mai â€” Ã©lue plus belle plage au monde, sable poudreux."
turks-et-caicos,ğŸ¤¿,BarriÃ¨re de corail,"Toute l'annÃ©e â€” 3e plus grand rÃ©cif au monde, plongÃ©e, baleines (jan-avr)."
turks-et-caicos,ğŸ¦©,RÃ©serve de flamants,"Nov-avr â€” flamants roses Ã  North Caicos, kayak dans les mangroves."
turks-et-caicos,ğŸ’°,Budget,"Mai-nov â€” hors saison, resorts -40%, mer toujours chaude."
denver,ğŸ”ï¸,Rocky Mountains,"Juin-sep â€” Trail Ridge Road, Rocky Mountain NP Ã  1h30."
denver,ğŸº,Brasseries artisanales,"Toute l'annÃ©e â€” 70+ brasseries, Great American Beer Festival (oct)."
denver,â›·ï¸,Ski Ã  2h,"DÃ©c-mars â€” Vail, Breckenridge, Keystone depuis Denver."
denver,ğŸ¨,Art & Red Rocks,"Mai-oct â€” Red Rocks Amphitheatre, RiNo Art District, concerts."
nashville,ğŸµ,Honky tonks & country,"Toute l'annÃ©e â€” Broadway, Grand Ole Opry, studios historiques."
nashville,ğŸ—,Hot chicken & BBQ,"Toute l'annÃ©e â€” poulet pimentÃ© Prince's, brisket, honky tonk cuisine."
nashville,ğŸ¤,Live music & Ryman,"Toute l'annÃ©e â€” Ryman Auditorium, Bluebird Cafe, 180+ salles."
nashville,ğŸ’°,Budget,"Jan-mars â€” hors festivals, hÃ´tels -30%, mÃ©tÃ©o douce."
la-nouvelle-orleans,ğŸº,Jazz & Bourbon Street,"Toute l'annÃ©e â€” Frenchmen Street, Preservation Hall, musique live."
la-nouvelle-orleans,ğŸ­,Mardi Gras,"FÃ©vrier â€” dÃ©filÃ©s, costumes, chars, tradition unique depuis 1857."
la-nouvelle-orleans,ğŸ½ï¸,Cuisine cajun & crÃ©ole,"Toute l'annÃ©e â€” gumbo, jambalaya, beignets au CafÃ© du Monde."
la-nouvelle-orleans,ğŸ›ï¸,French Quarter,"Toute l'annÃ©e â€” balcons en fer forgÃ©, Jackson Square, vaudou."
savannah,ğŸŒ³,Squares & chÃªnes,"Mars-mai â€” 22 squares historiques, mousse espagnole, magnolias."
savannah,ğŸ›ï¸,Historic District,"Toute l'annÃ©e â€” plus grand quartier historique des USA, Forsyth Park."
savannah,ğŸ½ï¸,Cuisine du Low Country,"Toute l'annÃ©e â€” shrimp and grits, she-crab soup, Southern comfort."
savannah,ğŸ’°,Budget,"Jan-fÃ©v â€” hors saison, hÃ´tels dans les B&B historiques -30%."
charleston,ğŸ›ï¸,Historic District & Rainbow Row,"Mars-mai â€” maisons colorÃ©es, Ã©glises, architecture antebellum."
charleston,ğŸ½ï¸,Cuisine du Low Country,"Toute l'annÃ©e â€” shrimp and grits, she-crab soup, Husk restaurant."
charleston,ğŸ–ï¸,Plages de Folly & Sullivan's,"Mai-oct â€” plages accessibles, surf, coucher de soleil."
charleston,ğŸŒº,Festival Spoleto,"Mai-juin â€” arts du spectacle, concerts, thÃ©Ã¢tre pendant 17 jours."
honolulu,ğŸ–ï¸,Waikiki Beach,"Toute l'annÃ©e â€” surf mythique, Diamond Head en arriÃ¨re-plan."
honolulu,ğŸŒ‹,Diamond Head,"Toute l'annÃ©e â€” randonnÃ©e de 1h, vue 360Â° sur Honolulu et l'ocÃ©an."
honolulu,ğŸ„,Surf North Shore,"Nov-fÃ©v â€” vagues gÃ©antes Banzai Pipeline, compÃ©titions mondiales."
honolulu,ğŸŒº,Culture hawaÃ¯enne,"Toute l'annÃ©e â€” luau, hula, Polynesian Cultural Center."
austin,ğŸµ,Live Music Capital,"Toute l'annÃ©e â€” 6th Street, SXSW (mars), Austin City Limits (oct)."
austin,ğŸ–,BBQ texan,"Toute l'annÃ©e â€” Franklin BBQ, brisket fumÃ© 14h, file d'attente lÃ©gendaire."
austin,ğŸ¦‡,Congress Bridge Bats,"Mars-oct â€” 1,5 million de chauves-souris au coucher du soleil."
austin,ğŸŠ,Barton Springs Pool,"Avr-oct â€” piscine naturelle Ã  20Â°C, oasis urbaine."
san-diego,ğŸ–ï¸,Mission & Pacific Beach,"Toute l'annÃ©e â€” 70 miles de cÃ´te, surf, 266 jours de soleil/an."
san-diego,ğŸ¼,Zoo de San Diego,"Toute l'annÃ©e â€” l'un des meilleurs zoos au monde, 3 500 animaux."
san-diego,ğŸŒ®,Fish tacos & Gaslamp,"Toute l'annÃ©e â€” tacos de poisson, craft beer, quartier Gaslamp."
san-diego,ğŸ›ï¸,Balboa Park,"Toute l'annÃ©e â€” 17 musÃ©es, jardins botaniques, architecture espagnole."
portland,ğŸº,Craft beer & food trucks,"Toute l'annÃ©e â€” 70+ brasseries, meilleure scÃ¨ne food truck des USA."
portland,ğŸŒ²,Columbia River Gorge,"Mai-oct â€” Multnomah Falls, randonnÃ©es, vue sur le Mont Hood."
portland,ğŸ“š,Powell's & culture indie,"Toute l'annÃ©e â€” plus grande librairie au monde, quartier Pearl."
portland,ğŸŒ¹,Rose Garden & Forest Park,"Mai-sep â€” International Rose Garden, 80 km de sentiers urbains."
phoenix,ğŸœï¸,Sonoran Desert,"Oct-avr â€” randonnÃ©e Camelback Mountain, cactus saguaro gÃ©ants."
phoenix,â›³,Golf,"Oct-avr â€” 200+ parcours, TPC Scottsdale, tempÃ©ratures parfaites."
phoenix,ğŸ›ï¸,Taliesin West,"Oct-avr â€” atelier Frank Lloyd Wright, architecture dans le dÃ©sert."
phoenix,ğŸ’°,Budget,"Mai-sep â€” hÃ´tels -50% en Ã©tÃ©, chaleur 40Â°C+ mais piscines partout."
san-antonio,ğŸ›ï¸,The Alamo,"Toute l'annÃ©e â€” mission historique de 1836, symbole du Texas."
san-antonio,ğŸ›¶,River Walk,"Mars-nov â€” promenade fluviale, restaurants, croisiÃ¨res, Fiesta (avr)."
san-antonio,ğŸ½ï¸,Tex-Mex & Market Square,"Toute l'annÃ©e â€” enchiladas, puffy tacos, El Mercado."
san-antonio,ğŸ’°,Budget,"Jan-fÃ©v â€” hors saison, Fiesta non commencÃ©e, hÃ´tels abordables."
sedona,ğŸœï¸,Red Rocks,"Oct-avr â€” Cathedral Rock, Devil's Bridge, randonnÃ©es au lever."
sedona,ğŸ§˜,Vortex & bien-Ãªtre,"Toute l'annÃ©e â€” 4 sites de vortex, spas, retraites spirituelles."
sedona,ğŸš™,Scenic drives,"Sep-nov â€” Oak Creek Canyon, feuillages d'automne spectaculaires."
sedona,ğŸ¨,Galeries d'art,"Toute l'annÃ©e â€” Tlaquepaque Arts Village, 80+ galeries."
anchorage,ğŸ»,Observation ours,"Juil-sep â€” Brooks Falls (Katmai), saumons, faune sauvage."
anchorage,ğŸ”ï¸,Glaciers & fjords,"Juin-aoÃ»t â€” Kenai Fjords, Exit Glacier, croisiÃ¨re Prince William Sound."
anchorage,ğŸŒ…,Soleil de minuit,"Juin â€” 22h de lumiÃ¨re, randonnÃ©e Flattop Mountain, pÃªche."
anchorage,ğŸ‹,Faune marine,"Mai-sep â€” baleines, loutres, phoques dans Resurrection Bay."
savannah-ga,ğŸŒ³,Squares & mousse espagnole,"Mars-mai â€” promenades sous les chÃªnes centenaires de Forsyth Park."
savannah-ga,ğŸ›ï¸,Plus grand district historique US,"Toute l'annÃ©e â€” maisons victoriennes, architecture gÃ©orgienne."
savannah-ga,ğŸ½ï¸,Cuisine Southern,"Toute l'annÃ©e â€” fried green tomatoes, pecan pie, restaurants sur River St."
savannah-ga,ğŸƒ,Savannah hantÃ©e,"Oct â€” la ville la plus hantÃ©e des USA, ghost tours, cimetiÃ¨res."
napa-valley,ğŸ·,DÃ©gustation de vins,"Sep-oct â€” vendanges, 500+ domaines, Cabernet Sauvignon et Chardonnay."
napa-valley,ğŸˆ,Vol en montgolfiÃ¨re,"Mai-oct â€” survol des vignobles au lever du soleil."
napa-valley,ğŸ½ï¸,Gastronomie Ã©toilÃ©e,"Toute l'annÃ©e â€” French Laundry, Bouchon, restaurants Thomas Keller."
napa-valley,ğŸ’°,Budget,"Jan-mars â€” saison dormante, dÃ©gustations moins chÃ¨res, hÃ´tels -30%."
jackson-hole,â›·ï¸,Ski Jackson Hole,"DÃ©c-mars â€” 2 500 acres, neige lÃ©gendaire, Corbet's Couloir."
jackson-hole,ğŸ¦¬,Grand Teton & Yellowstone,"Juin-sep â€” bisons, geysers, Teton panoramique Ã  15 min."
jackson-hole,ğŸ›¶,Snake River rafting,"Juin-aoÃ»t â€” rafting eaux vives, kayak, vue sur les Tetons."
jackson-hole,ğŸ’°,Budget,"Avr-mai ou oct-nov â€” intersaison, hÃ©bergement -40%."
memphis,ğŸµ,Beale Street & blues,"Toute l'annÃ©e â€” berceau du blues et du rock'n'roll, BB King's."
memphis,ğŸ›ï¸,Graceland & Sun Studio,"Toute l'annÃ©e â€” maison d'Elvis, studio oÃ¹ naquit le rock."
memphis,ğŸ–,BBQ de Memphis,"Toute l'annÃ©e â€” ribs, pulled pork, BBQ contest en mai."
memphis,ğŸ›ï¸,National Civil Rights Museum,"Toute l'annÃ©e â€” Lorraine Motel, lieu de l'assassinat de MLK."
maui,ğŸŒ…,Route de Hana,"Toute l'annÃ©e â€” 620 virages, cascades, forÃªt tropicale, plages noires."
maui,ğŸ‹,Baleines Ã  bosse,"Jan-mars â€” observation depuis Lahaina, plus grande concentration au monde."
maui,ğŸŒ‹,HaleakalÄ,"Toute l'annÃ©e â€” lever de soleil Ã  3 055 m, paysage lunaire."
maui,ğŸ„,Surf & plages,"Toute l'annÃ©e â€” Kaanapali, Ho'okipa (windsurf), Big Beach."
auckland,â›µ,CitÃ© des voiles,"Oct-avr â€” plus de bateaux par habitant au monde, America's Cup."
auckland,ğŸŒ‹,Volcans & Rangitoto,"Toute l'annÃ©e â€” 53 volcans Ã©teints, ferry vers Rangitoto (2h A/R)."
auckland,ğŸ·,Waiheke Island,"Nov-mars â€” vignobles, plages dorÃ©es, 35 min en ferry."
auckland,ğŸ½ï¸,Cuisine fusion Pacifique,"Toute l'annÃ©e â€” fruits de mer, hangi, marchÃ©s de Ponsonby."
queenstown,ğŸª‚,Saut Ã  l'Ã©lastique,"Toute l'annÃ©e â€” berceau du bungee (Kawarau Bridge, 43 m)."
queenstown,â›·ï¸,Ski Remarkables & Coronet Peak,"Juin-sep â€” ski avec vue sur le lac Wakatipu."
queenstown,ğŸš¤,Milford Sound,"Toute l'annÃ©e â€” croisiÃ¨re dans le fjord, cascades, dauphins."
queenstown,ğŸ·,Central Otago Pinot Noir,"FÃ©v-avr â€” vignobles les plus mÃ©ridionaux, Pinot Noir d'exception."
rotorua,â™¨ï¸,Geysers & sources chaudes,"Toute l'annÃ©e â€” Te Puia, Wai-O-Tapu, boue bouillonnante."
rotorua,ğŸ›ï¸,Culture mÄorie,"Toute l'annÃ©e â€” haka, hangi, village de Tamaki, spectacles."
rotorua,ğŸŒ²,Redwoods & VTT,"Toute l'annÃ©e â€” forÃªt de sÃ©quoias, 130+ km de trails VTT."
rotorua,ğŸ›¶,Lacs & kayak,"Nov-mars â€” lac Tarawera, eau bleue, kayak aux Hot Water Beach."
darwin,ğŸŠ,Crocodiles & Kakadu,"Mai-oct â€” Kakadu NP, peintures aborigÃ¨nes, crocodiles gÃ©ants."
darwin,ğŸŒ…,Mindil Beach Markets,"Mai-oct â€” coucher de soleil, marchÃ©s nocturnes, cuisine asiatique."
darwin,ğŸ›ï¸,Culture aborigÃ¨ne,"Toute l'annÃ©e â€” Museum and Art Gallery, art rupestre Ã  Kakadu."
darwin,ğŸ’°,Budget,"Nov-avr â€” saison humide, prix -50%, orages spectaculaires."
hobart,ğŸ”ï¸,Cradle Mountain,"Nov-mars â€” Overland Track, lacs glaciaires, faune endÃ©mique."
hobart,ğŸ½ï¸,MONA & gastronomie,"Toute l'annÃ©e â€” musÃ©e avant-gardiste, whisky tasmanien, huÃ®tres."
hobart,ğŸï¸,Salamanca Market,"Samedi toute l'annÃ©e â€” marchÃ© artisanal au bord de l'eau."
hobart,ğŸ§,Bruny Island,"Nov-mars â€” manchots, fromages artisanaux, forÃªts primaires."
adelaide,ğŸ·,Barossa Valley,"Mars-mai â€” vendanges, Shiraz de renommÃ©e mondiale, cave doors."
adelaide,ğŸ–ï¸,Glenelg & Kangaroo Island,"Nov-mars â€” plage, otaries, koalas, ferry depuis Cape Jervis."
adelaide,ğŸ­,Adelaide Festival,"Mars â€” le plus ancien festival d'art d'Australie, Fringe Festival."
adelaide,ğŸ½ï¸,Central Market,"Toute l'annÃ©e â€” marchÃ© couvert depuis 1869, produits locaux, cafÃ©s."
brisbane,ğŸ¨,Lone Pine Koala Sanctuary,"Toute l'annÃ©e â€” plus ancien sanctuaire de koalas au monde."
brisbane,ğŸ–ï¸,Gold Coast & Sunshine Coast,"Sep-mai â€” surf, plages dorÃ©es, 1h de Brisbane."
brisbane,ğŸï¸,South Bank Parklands,"Toute l'annÃ©e â€” plage artificielle, galeries QAGOMA, restaurants."
brisbane,ğŸ½ï¸,Eat Street Northshore,"Ven-dim toute l'annÃ©e â€” marchÃ© nocturne, cuisine du monde, ambiance."
whitsundays,ğŸ–ï¸,Whitehaven Beach,"Mai-oct â€” sable de silice blanc, Hill Inlet, eau turquoise."
whitsundays,ğŸ¤¿,Grande BarriÃ¨re de Corail,"Juin-oct â€” snorkel, plongÃ©e, tortues, raies manta."
whitsundays,â›µ,Voile & Ã®le en Ã®le,"Mai-oct â€” navigation entre 74 Ã®les, mouillages paradisiaques."
whitsundays,ğŸ’°,Budget,"Nov-mars â€” saison humide mais prix rÃ©duits, mer chaude."
uluru,ğŸœï¸,Uluru au lever et coucher,"Avr-oct â€” couleurs changeantes du monolithe sacrÃ©, 348 m."
uluru,ğŸ›ï¸,Culture Aá¹‰angu,"Toute l'annÃ©e â€” art aborigÃ¨ne, dot painting, Maruku Arts."
uluru,ğŸï¸,Kata Tjuta (Olgas),"Avr-oct â€” Valley of the Winds walk, 36 dÃ´mes de roche rouge."
uluru,ğŸŒŒ,Field of Light,"Toute l'annÃ©e â€” 50 000 sphÃ¨res lumineuses de Bruce Munro, nuit Ã©toilÃ©e."
samoa,ğŸ–ï¸,To Sua Ocean Trench,"Mai-oct â€” piscine naturelle turquoise dans une grotte, iconique."
samoa,ğŸŒ´,Plages de Lalomanu,"Mai-oct â€” sable blanc, fale traditionnels, rÃ©cifs."
samoa,ğŸ›ï¸,Culture samoane,"Toute l'annÃ©e â€” fiafia, ava ceremony, tatouage traditionnel pe'a."
samoa,ğŸ’°,Budget,"Mai-oct â€” saison sÃ¨che, hÃ©bergement en fale 20-40â‚¬/nuit."
vanuatu,ğŸŒ‹,Volcan Yasur,"Toute l'annÃ©e â€” volcan actif accessible Ã  pied, Ã©ruptions nocturnes."
vanuatu,ğŸ¤¿,SS President Coolidge,"Avr-oct â€” plus grande Ã©pave plongeable au monde, Espiritu Santo."
vanuatu,ğŸª¢,Saut du Naghol,"Avr-juin â€” rituel originel du saut Ã  l'Ã©lastique, Ã®le de PentecÃ´te."
vanuatu,ğŸ–ï¸,Blue Lagoon & Champagne Beach,"Mai-oct â€” eaux cristallines, plages sauvages."
tonga,ğŸ‹,Baleines Ã  bosse,"Juil-oct â€” nager avec les baleines, Ha'apai et Vava'u."
tonga,ğŸ–ï¸,Plages de Ha'apai,"Mai-oct â€” atolls dÃ©serts, sable blanc, snorkel."
tonga,ğŸ›ï¸,Culture polynÃ©sienne,"Toute l'annÃ©e â€” dernier royaume du Pacifique, danse, kava."
tonga,ğŸ’°,Budget,"Mai-juin â€” dÃ©but saison, lodges familiaux abordables."
teheran,ğŸ›ï¸,Golestan & musÃ©es,"Mars-mai ou sep-nov â€” palais Golestan UNESCO, musÃ©e national, TrÃ©sor."
teheran,ğŸ”ï¸,Mont Damavand,"Juin-sep â€” plus haut sommet d'Iran (5 610 m), trek 2 jours."
teheran,ğŸ½ï¸,Bazar & cuisine perse,"Toute l'annÃ©e â€” Grand Bazar, kebab koobideh, tahdig, thÃ© au safran."
teheran,ğŸ’°,Budget,"Nov-fÃ©v â€” hors saison, Iran trÃ¨s abordable, change favorable."
ispahan,ğŸ•Œ,Place Naqsh-e Jahan,"Mars-mai ou sep-nov â€” 2e plus grande place au monde, mosquÃ©es, bazar."
ispahan,ğŸŒ‰,Ponts historiques,"Toute l'annÃ©e â€” Si-o-se-pol (33 arches), Khaju, promenades le soir."
ispahan,ğŸ¨,Artisanat & miniatures,"Toute l'annÃ©e â€” ateliers de miniatures, Ã©maux, tapis persans."
ispahan,ğŸ½ï¸,Cuisine d'Ispahan,"Toute l'annÃ©e â€” beryani (plat local), gaz (nougat), thÃ© Ã  la rose."
danang,ğŸ–ï¸,Plages My Khe & An Bang,"Mars-sep â€” eaux chaudes, surf, 30 km de cÃ´te."
danang,ğŸ›ï¸,Hoi An Ã  30 km,"FÃ©v-mai â€” lanternes, vieille ville UNESCO, tailleurs sur mesure."
danang,ğŸ”ï¸,BÃ  NÃ  Hills & Golden Bridge,"FÃ©v-sep â€” pont dorÃ© iconique, tÃ©lÃ©phÃ©rique, station d'altitude."
danang,ğŸœ,Cuisine du Centre,"Toute l'annÃ©e â€” mÃ¬ quáº£ng, bÃ¡nh xÃ¨o, cao láº§u Ã  Hoi An."
hue,ğŸ›ï¸,CitÃ© impÃ©riale,"FÃ©v-avr â€” citadelle Nguyá»…n UNESCO, pagodes, tombeaux royaux."
hue,ğŸ›¶,RiviÃ¨re des Parfums,"FÃ©v-avr â€” croisiÃ¨re vers la pagode de la Dame CÃ©leste, tombeaux."
hue,ğŸœ,Cuisine impÃ©riale,"Toute l'annÃ©e â€” bÃºn bÃ² Huáº¿, bÃ¡nh khoÃ¡i, cuisine raffinÃ©e de cour."
hue,ğŸ’°,Budget,"Sep-nov â€” hors saison, hÃ©bergement 10-15â‚¬, pluie possible."
ninh-binh,ğŸ›¶,Tam Coc & Trang An,"FÃ©v-mai â€” barques sur riviÃ¨re, grottes karstiques, riziÃ¨res UNESCO."
ninh-binh,ğŸš²,Balade dans les riziÃ¨res,"Mai-juin â€” riziÃ¨res dorÃ©es, pagodes, temples au milieu des pics."
ninh-binh,ğŸ›ï¸,Ancienne capitale Hoa Lu,"Toute l'annÃ©e â€” temples des rois Dinh et LÃª, 10e siÃ¨cle."
ninh-binh,ğŸ’°,Budget,"Toute l'annÃ©e â€” alternative abordable Ã  Ha Long, barque 5â‚¬, hÃ´tel 10â‚¬."
manille,ğŸ›ï¸,Intramuros & Fort Santiago,"Nov-mai â€” murailles espagnoles, Ã©glise San Agustin UNESCO."
manille,ğŸ½ï¸,Street food Binondo,"Toute l'annÃ©e â€” Chinatown le plus ancien au monde, dumplings, halo-halo."
manille,ğŸ–ï¸,Ãles de Batangas,"Nov-mai â€” 2h de Manille, plongÃ©e Anilao, plages secrÃ¨tes."
manille,ğŸ’°,Budget,"Juin-oct â€” mousson mais prix -40%, food abondante et bon marchÃ©."
coron,ğŸ¤¿,Ã‰paves japonaises,"Nov-mai â€” 12 Ã©paves WWII en eaux cristallines, plongÃ©e mythique."
coron,ğŸï¸,Kayangan & Twin Lagoon,"Nov-mai â€” lacs d'Ã©meraude entre falaises calcaires."
coron,ğŸ–ï¸,Island hopping,"Nov-mai â€” Malcapuya, Banana Island, sable blanc."
coron,ğŸ’°,Budget,"Juin-oct â€” saison pluie mais tours -50%, hÃ©bergement abordable."
luzon,ğŸï¸,RiziÃ¨res de Banaue,"Mars-mai â€” terrasses de 2 000 ans UNESCO, vues spectaculaires."
luzon,ğŸŒ‹,Volcans Mayon & Taal,"Nov-mai â€” cÃ´nes parfaits, treks, lac dans un volcan."
luzon,ğŸ–ï¸,Vigan & cÃ´te d'Ilocos,"Nov-mai â€” ville coloniale espagnole UNESCO, plages sauvages."
luzon,ğŸ½ï¸,Cuisine rÃ©gionale,"Toute l'annÃ©e â€” Bicol express, pinakbet, lechon de Luzon."
colombo,ğŸ›ï¸,Fort & Gangaramaya,"Toute l'annÃ©e â€” quartier colonial, temple bouddhiste Ã©clectique."
colombo,ğŸ›,Cuisine sri-lankaise,"Toute l'annÃ©e â€” rice and curry, kottu roti, street food de Pettah."
colombo,ğŸ›ï¸,Pettah Market,"Toute l'annÃ©e â€” bazar chaotique et colorÃ©, Ã©pices, textile."
colombo,ğŸ’°,Budget,"Mai-sep â€” sud-ouest en mousson mais Colombo praticable, prix bas."
kandy,ğŸ›•,Temple de la Dent,"Toute l'annÃ©e â€” relique sacrÃ©e du Bouddha, Esala Perahera (juil-aoÃ»t)."
kandy,ğŸŒ¿,Jardins botaniques royaux,"Toute l'annÃ©e â€” Peradeniya, 60 ha d'espÃ¨ces tropicales."
kandy,ğŸš‚,Train Kandy-Ella,"Toute l'annÃ©e â€” l'un des plus beaux trajets en train au monde, 6h."
kandy,ğŸµ,Plantations de thÃ©,"Jan-mars â€” visite des plantations de Nuwara Eliya, dÃ©gustations."
ella,ğŸš‚,Nine Arches Bridge,"Toute l'annÃ©e â€” pont ferroviaire iconique dans la jungle, photos."
ella,ğŸ¥¾,Little Adam's Peak,"Jan-mars â€” randonnÃ©e facile 2h, vue 360Â° sur les montagnes."
ella,ğŸµ,Plantations de thÃ©,"Jan-mars â€” champs de thÃ© Ã  perte de vue, cueillette, dÃ©gustation."
ella,ğŸ’°,Budget,"Mai-sep â€” moins de touristes, guesthouses 10â‚¬/nuit."
yangon,ğŸ›•,Shwedagon Pagoda,"Nov-fÃ©v â€” stupa dorÃ©e de 99 m, coucher de soleil, saison sÃ¨che."
yangon,ğŸ›ï¸,Quartier colonial,"Nov-fÃ©v â€” architecture britannique, Strand Hotel, Bogyoke Market."
yangon,ğŸœ,Cuisine birmane,"Toute l'annÃ©e â€” mohinga (soupe), tea leaf salad, shan noodles."
yangon,ğŸ’°,Budget,"Nov-fÃ©v â€” haute saison mais reste abordable, guesthouses 15-20â‚¬."
mandalay,ğŸ›ï¸,Palais royal & colline,"Oct-fÃ©v â€” vue panoramique, monastÃ¨res en teck, Kuthodaw Pagoda."
mandalay,ğŸŒ…,U Bein Bridge,"Toute l'annÃ©e â€” plus long pont en teck au monde, coucher soleil."
mandalay,ğŸ›•,Temples de Bagan,"Oct-fÃ©v â€” 2 000+ temples, montgolfiÃ¨re au lever, site UNESCO."
mandalay,ğŸœ,Cuisine de Mandalay,"Toute l'annÃ©e â€” meeshay, tohu thoke, biÃ¨re Myanmar."
battambang,ğŸ›ï¸,Architecture coloniale,"Nov-mars â€” bÃ¢timents franÃ§ais prÃ©servÃ©s, galeries d'art Ã©mergentes."
battambang,ğŸš‚,Bamboo Train,"Toute l'annÃ©e â€” train en bambou artisanal, riziÃ¨res, expÃ©rience unique."
battambang,ğŸï¸,Temples & campagne,"Nov-mars â€” Phnom Sampeau, Wat Banan, campagne khmÃ¨re authentique."
battambang,ğŸ’°,Budget,"Toute l'annÃ©e â€” Cambodge trÃ¨s abordable, hÃ´tel 8â‚¬, repas 2â‚¬."
chiang-rai,ğŸ›ï¸,Temple Blanc (Wat Rong Khun),"Nov-fÃ©v â€” temple contemporain surrÃ©aliste, saison fraÃ®che."
chiang-rai,ğŸµ,Plantations de thÃ© Doi Mae Salong,"Nov-fÃ©v â€” collines de thÃ© d'influence chinoise, vues brumeuses."
chiang-rai,ğŸ”ï¸,Triangle d'Or,"Nov-fÃ©v â€” confluence MÃ©kong, Laos-Myanmar-ThaÃ¯lande, musÃ©e opium."
chiang-rai,ğŸ’°,Budget,"Mai-oct â€” saison pluie mais prix -30%, nature luxuriante."
kaohsiung,ğŸ›ï¸,Dragon Tiger Temple,"Toute l'annÃ©e â€” Lotus Pond, pagodes colorÃ©es, temples taoÃ¯stes."
kaohsiung,ğŸ½ï¸,Night markets,"Toute l'annÃ©e â€” Liuhe, Ruifeng, stinky tofu, bubble tea originel."
kaohsiung,ğŸ–ï¸,Cijin Island,"Oct-mai â€” ferry, fruits de mer, temple, plage, phare."
kaohsiung,ğŸ¨,Pier-2 Art Center,"Toute l'annÃ©e â€” anciens entrepÃ´ts, art contemporain, street art."
zhangjiajie,ğŸï¸,Piliers Avatar,"Mars-mai ou sep-nov â€” colonnes de grÃ¨s du film, pont de verre."
zhangjiajie,ğŸš¡,Bailong Elevator,"Toute l'annÃ©e â€” ascenseur extÃ©rieur de 326 m, record mondial."
zhangjiajie,ğŸŒ¿,Parc national & randonnÃ©e,"Mars-mai ou sep-nov â€” sentiers dans la brume, forÃªts luxuriantes."
zhangjiajie,ğŸ’°,Budget,"DÃ©c-fÃ©v â€” entrÃ©e parc -50%, hÃ´tels moins chers, froid mais magique."
lijiang,ğŸ˜ï¸,Vieille ville naxi,"Mars-mai ou sep-nov â€” canaux, toits de tuile, culture naxi UNESCO."
lijiang,ğŸ”ï¸,Montagne du Dragon de Jade,"Avr-oct â€” glacier Ã  4 500 m, tÃ©lÃ©phÃ©rique, spectacle Zhang Yimou."
lijiang,ğŸï¸,Gorge du Saut du Tigre,"Mars-mai ou sep-nov â€” l'une des gorges les plus profondes au monde, trek 2 jours."
lijiang,ğŸµ,Culture naxi & dongba,"Toute l'annÃ©e â€” Ã©criture pictographique, musique naxi, thÃ© au beurre."
bhutan,ğŸ›ï¸,Tiger's Nest (Taktsang),"Mars-mai ou sep-nov â€” monastÃ¨re perchÃ© Ã  900 m au-dessus de la vallÃ©e."
bhutan,ğŸ­,Festivals tshechu,"Mars-avr ou sep-oct â€” danses masquÃ©es sacrÃ©es dans les dzongs."
bhutan,ğŸ”ï¸,Treks himalayens,"Mars-mai ou sep-nov â€” Druk Path, Jomolhari, paysages prÃ©servÃ©s."
bhutan,ğŸ›ï¸,Dzongs de Punakha & Paro,"Toute l'annÃ©e â€” forteresses-monastÃ¨res au confluent des riviÃ¨res."
pokhara,ğŸ”ï¸,Vue Annapurna & Machhapuchhre,"Oct-nov â€” panorama himalayen Ã©poustouflant depuis le lac Phewa."
pokhara,ğŸª‚,Parapente Sarangkot,"Oct-avr â€” vol face aux 8 000 m, l'un des meilleurs spots au monde."
pokhara,ğŸ¥¾,Trek Annapurna Base Camp,"Oct-nov ou mars-avr â€” trek mythique de 7-12 jours."
pokhara,â›µ,Lac Phewa,"Toute l'annÃ©e â€” barque au coucher, temple Barahi, reflets des montagnes."
boukhara,ğŸ•Œ,Centre historique,"Avr-mai ou sep-oct â€” Kalon Minaret, Ark Citadelle, Lyab-i-Hauz."
boukhara,ğŸ›ï¸,MausolÃ©e des Samanides,"Toute l'annÃ©e â€” chef-d'Å“uvre du 10e siÃ¨cle, brique travaillÃ©e."
boukhara,ğŸ§µ,Tapis & artisanat,"Toute l'annÃ©e â€” ateliers de tissage, broderie suzani, soie ikat."
boukhara,ğŸ’°,Budget,"Nov-fÃ©v â€” hÃ´tels -40%, boutiques artisanales moins chÃ¨res."
khiva,ğŸ°,Itchan Kala,"Avr-mai ou sep-oct â€” ville intÃ©rieure fortifiÃ©e UNESCO, minaret Kalta Minor."
khiva,ğŸ›ï¸,Palais Tosh-Hovli,"Avr-oct â€” palais du 19e, faÃ¯ences bleues, harem restaurÃ©."
khiva,ğŸŒ…,Coucher depuis les remparts,"Avr-oct â€” vue sur la ville-musÃ©e depuis les murailles mÃ©diÃ©vales."
khiva,ğŸ’°,Budget,"Nov-fÃ©v â€” hÃ´tels dans les mÃ©dersa 15â‚¬, froid sec mais magique."
petra,ğŸ›ï¸,TrÃ©sor (Al-Khazneh),"Mars-mai ou oct-nov â€” faÃ§ade sculptÃ©e rose, Siq spectaculaire."
petra,ğŸŒŒ,Petra by Night,"Lun-mer-jeu â€” 1 500 bougies illuminent le TrÃ©sor, expÃ©rience unique."
petra,ğŸ¥¾,Monastery (Ad-Deir),"Mars-mai ou oct-nov â€” 800 marches, faÃ§ade de 50 m, vue plongeante."
petra,ğŸ’°,Budget,"Juin-aoÃ»t â€” chaleur intense mais Jordan Pass rentable, moins de monde."
aqaba,ğŸ¤¿,PlongÃ©e mer Rouge,"Toute l'annÃ©e â€” rÃ©cifs coralliens, Ã©paves, eau 22-28Â°C, visa-free zone."
aqaba,ğŸ–ï¸,Plages de la mer Rouge,"Avr-oct â€” Berenice Beach, South Beach, eau cristalline."
aqaba,ğŸ°,Fort d'Aqaba,"Toute l'annÃ©e â€” fort mamelouk, rÃ©volte arabe de 1917."
aqaba,ğŸ’°,Budget,"Mai-juin ou sep-oct â€” hors Ã©tÃ© intense et hors hiver peak."
wadi-rum,ğŸœï¸,DÃ©sert en 4x4 & chameau,"Oct-avr â€” paysages martiens, arches naturelles, inscriptions nabatÃ©ennes."
wadi-rum,ğŸ•ï¸,Bivouac bÃ©douin,"Toute l'annÃ©e â€” nuit sous les Ã©toiles, thÃ© au feu, zarb traditionnel."
wadi-rum,ğŸŒŒ,Ciel Ã©toilÃ©,"Toute l'annÃ©e â€” zÃ©ro pollution lumineuse, Voie LactÃ©e spectaculaire."
wadi-rum,ğŸ¬,Sites de tournage,"Toute l'annÃ©e â€” The Martian, Dune, Lawrence d'Arabie, paysages iconiques."
al-ula,ğŸ›ï¸,Hegra (Madain Saleh),"Oct-mars â€” PÃ©tra saoudienne, tombeaux nabatÃ©ens UNESCO dans le grÃ¨s."
al-ula,ğŸœï¸,Elephant Rock & dÃ©sert,"Oct-mars â€” formations rocheuses sculptÃ©es, coucher de soleil."
al-ula,ğŸ­,AlUla Moments Festival,"DÃ©c-mars â€” installations artistiques, concerts, Ã©vÃ©nements culturels."
al-ula,ğŸŒŒ,Ciel Ã©toilÃ©,"Toute l'annÃ©e â€” dÃ©sert sans pollution lumineuse, nuits spectaculaires."
ras-al-khaimah,ğŸ”ï¸,Jebel Jais & via ferrata,"Oct-avr â€” plus haut sommet des EAU, tyrolienne la plus longue."
ras-al-khaimah,ğŸ–ï¸,Plages & mangroves,"Oct-mai â€” plages prÃ©servÃ©es, kayak dans les mangroves."
ras-al-khaimah,ğŸœï¸,DÃ©sert & dunes,"Nov-mars â€” safari 4x4, camping glamping, fauconnerie."
ras-al-khaimah,ğŸ’°,Budget,"Mai-sep â€” prix -50% vs DubaÃ¯, alternative mÃ©connue des EAU."
raja-ampat,ğŸ¤¿,PlongÃ©e & snorkel,"Oct-avr â€” plus grande biodiversitÃ© marine au monde, 1 500 espÃ¨ces."
raja-ampat,ğŸ–ï¸,Ãles & lagons,"Oct-avr â€” Pianemo, Wayag, lagons turquoise entre karsts."
raja-ampat,ğŸ¦,Paradisiers,"Oct-avr â€” observation oiseaux de paradis, forÃªt tropicale."
raja-ampat,ğŸ’°,Budget,"Mai-sep â€” saison pluie mais homestays 30â‚¬, moins de monde."
yogyakarta,ğŸ›•,Borobudur au lever,"Avr-oct â€” plus grand temple bouddhiste au monde, brume matinale."
yogyakarta,ğŸ›ï¸,Prambanan,"Avr-oct â€” temples hindous du 9e siÃ¨cle, ballet Ramayana (Ã©tÃ©)."
yogyakarta,ğŸ¨,Batik & artisanat,"Toute l'annÃ©e â€” ateliers de batik, kraton du sultan, wayang kulit."
yogyakarta,ğŸ½ï¸,Street food Malioboro,"Toute l'annÃ©e â€” gudeg, bakpia, nasi gudeg, cafÃ©s branchÃ©s."
labuan-bajo,ğŸ‰,Dragons de Komodo,"Avr-oct â€” Parc National de Komodo, varans gÃ©ants, Pink Beach."
labuan-bajo,ğŸ¤¿,PlongÃ©e Manta Point,"Avr-nov â€” raies manta, courants riches, coraux spectaculaires."
labuan-bajo,ğŸŒ…,CroisiÃ¨re Padar & Rinca,"Avr-oct â€” vue panoramique Padar, randonnÃ©e, snorkel."
labuan-bajo,ğŸ’°,Budget,"Nov-mars â€” saison pluie mais tours -30%, hÃ©bergement abordable."
salalah,ğŸŒ¿,Khareef (mousson),"Juil-sep â€” seule mousson de la pÃ©ninsule, collines verdoyantes."
salalah,ğŸ–ï¸,Plages & wadis,"Oct-mars â€” Mughsail Beach, wadis d'eau douce, cocotiers."
salalah,ğŸ›ï¸,Ruines de Sumhuram,"Oct-avr â€” port antique de l'encens, UNESCO, vue sur la mer."
salalah,ğŸª,Route de l'encens,"Oct-avr â€” arbres Ã  encens millÃ©naires, dÃ©sert du Rub al-Khali."
tanger,ğŸŒŠ,Cap Spartel & grottes d'Hercule,"Avr-oct â€” confluence Atlantique-MÃ©diterranÃ©e, panorama."
tanger,ğŸ›ï¸,Kasbah & mÃ©dina,"Toute l'annÃ©e â€” musÃ©e de la Kasbah, palais Dar el-Makhzen, cafÃ© Hafa."
tanger,ğŸ½ï¸,Cuisine tangÃ©roise,"Toute l'annÃ©e â€” poisson grillÃ© au port, thÃ© Ã  la menthe, pastilla."
tanger,ğŸ¨,Ville littÃ©raire,"Toute l'annÃ©e â€” Bowles, Burroughs, Matisse : la ville qui inspira les artistes."
merzouga,ğŸœï¸,Erg Chebbi & dromadaires,"Oct-avr â€” dunes de 150 m, bivouac sous les Ã©toiles, lever spectaculaire."
merzouga,ğŸµ,Festival Gnaoua,"Juin â€” musique gnaoua dans le dÃ©sert, transe et traditions."
merzouga,ğŸï¸,Quad & 4x4,"Oct-avr â€” excursions dans les dunes, pistes sahariennes."
merzouga,ğŸŒŒ,Ciel Ã©toilÃ©,"Toute l'annÃ©e â€” Sahara sans pollution lumineuse, Voie LactÃ©e."
assouan,â›µ,Felouque sur le Nil,"Oct-avr â€” navigation traditionnelle, Ã®les, temples au coucher."
assouan,ğŸ›ï¸,Temple de Philae,"Oct-avr â€” temple d'Isis sur l'Ã®le d'Agilkia, son et lumiÃ¨re."
assouan,ğŸœï¸,Abou Simbel,"Oct-avr â€” temples de RamsÃ¨s II, 3h de route ou vol, UNESCO."
assouan,ğŸ½ï¸,Cuisine nubienne,"Toute l'annÃ©e â€” villages colorÃ©s, falafels, hibiscus, thÃ© karkadÃ©."
lac-bled,ğŸŠ,Lac & Ã©glise sur l'Ã®le,"Juin-sep â€” baignade, pletna vers l'Ã®le, Ã©glise baroque."
lac-bled,ğŸ°,ChÃ¢teau mÃ©diÃ©val,"Toute l'annÃ©e â€” chÃ¢teau perchÃ©, vue plongeante, crÃ¨me de Bled."
lac-bled,ğŸ¥¾,Gorge de Vintgar,"Avr-oct â€” passerelles au-dessus de la riviÃ¨re turquoise, 1,6 km."
lac-bled,ğŸ’°,Budget,"Oct-nov â€” couleurs d'automne, prix -40%, lac paisible."
piran,ğŸ˜ï¸,Vieille ville vÃ©nitienne,"Mai-sep â€” place Tartini, remparts, ruelles mÃ©diÃ©vales, campanile."
piran,ğŸ–ï¸,Plages & sel de SeÄovlje,"Juin-sep â€” salines historiques, baignade, PortoroÅ¾ Ã  10 min."
piran,ğŸ½ï¸,Fruits de mer & vin,"Toute l'annÃ©e â€” restaurants du port, RefoÅ¡k local, huile d'olive."
piran,ğŸ’°,Budget,"Oct-avr â€” alternative abordable Ã  la cÃ´te croate voisine."
funchal,ğŸŒº,Jardins tropicaux,"Toute l'annÃ©e â€” Monte Palace, Jardim BotÃ¢nico, orchidÃ©es et fougÃ¨res."
funchal,ğŸ›·,Descente en luge de Monte,"Toute l'annÃ©e â€” toboggan traditionnel en osier, 2 km de descente."
funchal,ğŸ·,Vin de MadÃ¨re & levadas,"Mars-oct â€” caves centenaires, randonnÃ©e le long des canaux d'irrigation."
funchal,ğŸ†,Feu d'artifice du Nouvel An,"DÃ©c-jan â€” record Guinness, baie illuminÃ©e, croisiÃ¨res spÃ©ciales."
budva,ğŸ–ï¸,Plages & vieille ville,"Juin-sep â€” Mogren Beach, citadelle vÃ©nitienne, Sveti Stefan Ã  cÃ´tÃ©."
budva,ğŸµ,Sea Dance Festival,"Juil â€” festival de musique sur la plage Jaz, DJs internationaux."
budva,ğŸ›ï¸,Kotor Ã  30 min,"Toute l'annÃ©e â€” baie UNESCO, remparts, fjord montÃ©nÃ©grin."
budva,ğŸ’°,Budget,"Mai ou sep-oct â€” plages quasi vides, prix -40%, mer encore chaude."
trogir,ğŸ›ï¸,Centre historique UNESCO,"Toute l'annÃ©e â€” cathÃ©drale Saint-Laurent, portail de Radovan."
trogir,ğŸ–ï¸,Plages de ÄŒiovo,"Juin-sep â€” Ã®le reliÃ©e par pont, criques, eau cristalline."
trogir,â›µ,Navigation Split-Trogir,"Juin-sep â€” voilier entre les Ã®les, Å olta, BraÄ Ã  portÃ©e."
trogir,ğŸ’°,Budget,"Mai ou oct â€” Split voisine bondÃ©e, Trogir calme et -30%."
ohrid,ğŸ›ï¸,Lac & vieille ville UNESCO,"Juin-sep â€” lac de 3M d'annÃ©es, Ã©glise Saint-Jean Kaneo sur la falaise."
ohrid,ğŸ›•,Ã‰glises byzantines,"Toute l'annÃ©e â€” 365 Ã©glises, fresques mÃ©diÃ©vales, forteresse de Samuel."
ohrid,ğŸ–ï¸,Plages lacustres,"Juil-aoÃ»t â€” eau claire, plages de galets et sable, 24-26Â°C."
ohrid,ğŸ’°,Budget,"Sep-oct â€” arriÃ¨re-saison dorÃ©e, hÃ©bergement 15-20â‚¬, ville calme."
alacati,ğŸ„,Windsurf & kitesurf,"Juin-sep â€” l'un des meilleurs spots au monde, vent meltemi constant."
alacati,ğŸ˜ï¸,Rues pavÃ©es & boutiques,"Avr-oct â€” maisons en pierre restaurÃ©es, cafÃ©s, bougainvilliers."
alacati,ğŸ½ï¸,Cuisine Ã©gÃ©enne,"Toute l'annÃ©e â€” herbes sauvages, mezes, huile d'olive, marchÃ©s."
alacati,ğŸ’°,Budget,"Oct-nov â€” planche encore possible, hÃ´tels -50%, saison prolongÃ©e."
peloponnese,ğŸ›ï¸,Sites antiques,"Mars-mai ou sep-nov â€” Olympie, MycÃ¨nes, Ã‰pidaure, Sparte."
peloponnese,ğŸ–ï¸,Plages sauvages,"Juin-sep â€” Voidokilia, Elafonisos, Foneas, cÃ´te du Magne."
peloponnese,ğŸ·,Vins de NÃ©mÃ©e,"Sep-oct â€” Agiorgitiko, vendanges, domaines viticoles."
peloponnese,ğŸ¥¾,Gorge de Loussios & Magne,"Avr-mai ou oct â€” randonnÃ©es spectaculaires, villages de pierre."
larnaca,ğŸ–ï¸,Plages & promenade,"Mai-oct â€” Mackenzie Beach, Finikoudes, eau 25-28Â°C."
larnaca,ğŸ¦©,Lac salÃ© & Hala Sultan Tekke,"Nov-mars â€” flamants roses, mosquÃ©e ottomane, reflets."
larnaca,ğŸ¤¿,Ã‰pave du Zenobia,"Avr-oct â€” l'une des meilleures plongÃ©es d'Ã©pave au monde."
larnaca,ğŸ›ï¸,Kition & Choirokoitia,"Toute l'annÃ©e â€” vestiges phÃ©niciens, site nÃ©olithique UNESCO."
gÃ¶teborg,ğŸï¸,Archipel de GÃ¶teborg,"Juin-aoÃ»t â€” Ã®les sans voitures, baignade, pÃªche, ferries gratuits."
gÃ¶teborg,ğŸ½ï¸,Fika & fruits de mer,"Toute l'annÃ©e â€” marchÃ© FeskekÃ´rka (Ã©glise du poisson), cannelle."
gÃ¶teborg,ğŸ¢,Liseberg,"Mai-oct â€” plus grand parc d'attractions de Scandinavie."
gÃ¶teborg,ğŸ’°,Budget,"Sep-nov â€” hors Ã©tÃ©, musÃ©es gratuits, Gothenburg Pass avantageux."
innsbruck,ğŸ”ï¸,Nordkette & Golden Roof,"Toute l'annÃ©e â€” tÃ©lÃ©phÃ©rique urbain vers 2 300 m en 20 min."
innsbruck,â›·ï¸,Ski alpin,"DÃ©c-avr â€” 9 stations Ã  30 min, Olympia SkiWorld, pistes olympiques."
innsbruck,ğŸ›ï¸,Vieille ville & Hofburg,"Toute l'annÃ©e â€” Petit Toit d'Or, palais impÃ©rial Habsbourg."
innsbruck,ğŸº,Biergarten & Tiroler GrÃ¶stl,"Toute l'annÃ©e â€” cuisine tyrolienne, strudel, marchÃ©s de NoÃ«l (dÃ©c)."
ghent,ğŸ›ï¸,Agneau mystique & cathÃ©drale,"Toute l'annÃ©e â€” chef-d'Å“uvre des Van Eyck, cathÃ©drale Saint-Bavon."
ghent,ğŸŒº,Festival de Gand,"Juil â€” 10 jours de fÃªte, 1,5M visiteurs, concerts, thÃ©Ã¢tre de rue."
ghent,ğŸŸ,Cuisine & friteries,"Toute l'annÃ©e â€” waterzooi, carbonnade flamande, frites au cornet."
ghent,ğŸ’°,Budget,"Sep-juin â€” alternative moins chÃ¨re Ã  Bruges, biÃ¨re locale 3â‚¬."
hallstatt,ğŸ”ï¸,Village & lac alpin,"Mai-sep â€” maisons colorÃ©es au bord du lac, reflets spectaculaires."
hallstatt,ğŸ§‚,Mine de sel prÃ©historique,"Toute l'annÃ©e â€” plus ancienne mine de sel au monde, 7 000 ans."
hallstatt,ğŸš ,Skywalk & 5 Fingers,"Mai-oct â€” plateforme panoramique au-dessus du lac, Dachstein."
hallstatt,ğŸ’°,Budget,"Nov-mars â€” village enneigÃ© fÃ©erique, moins de monde, tarifs bas."
lviv,â˜•,CafÃ©s & chocolat,"Toute l'annÃ©e â€” Lviv Handmade Chocolate, culture cafÃ© austro-hongroise."
lviv,ğŸ›ï¸,Centre historique UNESCO,"Toute l'annÃ©e â€” place Rynok, opÃ©ra, mÃ©lange architectural unique."
lviv,ğŸº,Brasseries & restaurants,"Toute l'annÃ©e â€” Pravda Beer Theatre, cuisine galicienne, varenyky."
lviv,ğŸ’°,Budget,"Toute l'annÃ©e â€” l'une des villes les moins chÃ¨res d'Europe, repas 3-5â‚¬."
freetown,ğŸ–ï¸,Plages de la pÃ©ninsule,"Nov-avr â€” Tokeh, River No.2, sable dorÃ©, saison sÃ¨che."
freetown,ğŸ›ï¸,Cotton Tree & histoire,"Toute l'annÃ©e â€” arbre symbolique, National Museum, histoire des esclaves libÃ©rÃ©s."
freetown,ğŸŒ¿,Parc national de Tacugama,"Toute l'annÃ©e â€” sanctuaire de chimpanzÃ©s, randonnÃ©es en forÃªt."
freetown,ğŸ’°,Budget,"Nov-avr â€” saison sÃ¨che, tourisme naissant, authenticitÃ© prÃ©servÃ©e."
ouagadougou,ğŸ¬,FESPACO,"FÃ©v-mars (biennale) â€” plus grand festival de cinÃ©ma africain."
ouagadougou,ğŸ­,MarchÃ© central & artisanat,"Oct-fÃ©v â€” masques, bronzes, tissus traditionnels, saison sÃ¨che."
ouagadougou,ğŸ½ï¸,Cuisine burkinabÃ¨,"Toute l'annÃ©e â€” tÃ´, poulet braisÃ©, dolo (biÃ¨re de mil), maquis."
ouagadougou,ğŸ’°,Budget,"Nov-fÃ©v â€” saison sÃ¨che, hÃ©bergement 15-25â‚¬, repas 2-3â‚¬."
cotonou,ğŸ›ï¸,GanviÃ© (Venise d'Afrique),"Nov-mars â€” village lacustre sur pilotis, pirogue, 30 000 habitants."
cotonou,ğŸ­,MarchÃ© Dantokpa,"Toute l'annÃ©e â€” plus grand marchÃ© d'Afrique de l'Ouest, vaudou, tissus."
cotonou,ğŸ–ï¸,Route des PÃªches,"Nov-mars â€” plages de cocotiers, villages de pÃªcheurs, saison sÃ¨che."
cotonou,ğŸ’°,Budget,"Nov-fÃ©v â€” saison idÃ©ale, hÃ©bergement 15-20â‚¬, zÃ©midjan 0,50â‚¬."
lome,ğŸ–ï¸,Plage & marchÃ© aux fÃ©tiches,"Nov-mars â€” plage de LomÃ©, marchÃ© vaudou Akodessewa unique au monde."
lome,ğŸ›ï¸,Togoville & lac Togo,"Toute l'annÃ©e â€” village historique, cathÃ©drale, traversÃ©e en pirogue."
lome,ğŸ½ï¸,Cuisine togolaise,"Toute l'annÃ©e â€” fufu, akoumÃ©, tchoukoutou, maquis animÃ©s."
lome,ğŸ’°,Budget,"Nov-fÃ©v â€” destination ultra-abordable, repas 1-2â‚¬, hÃ´tel 10-15â‚¬."
douala,ğŸ›ï¸,La Pagode & marchÃ© central,"Toute l'annÃ©e â€” architecture coloniale, marchÃ© animÃ©."
douala,ğŸŒ¿,Mont Cameroun,"Nov-mars â€” plus haut sommet d'Afrique de l'Ouest, trek 2-3 jours."
douala,ğŸ½ï¸,Cuisine camerounaise,"Toute l'annÃ©e â€” ndolÃ©, poisson braisÃ©, beignets haricots-banane."
douala,ğŸ’°,Budget,"DÃ©c-fÃ©v â€” saison sÃ¨che, vols rÃ©gionaux abordables."
arusha,ğŸ¦,Safari Serengeti & Ngorongoro,"Juin-oct â€” Big Five, Grande Migration, cratÃ¨re spectaculaire."
arusha,ğŸ”ï¸,Mont Meru,"Juin-oct â€” trek d'acclimatation avant le Kili, vue Kilimanjaro."
arusha,â˜•,Plantations de cafÃ©,"Toute l'annÃ©e â€” culture du cafÃ© arabica, visite et torrÃ©faction."
arusha,ğŸ›ï¸,MarchÃ© Maasai,"Toute l'annÃ©e â€” artisanat maasai, bijoux, tissus shuka."
gondar,ğŸ°,Fasil Ghebbi,"Oct-mars â€” chÃ¢teaux Ã©thiopiens UNESCO, Â« Camelot d'Afrique Â»."
gondar,ğŸ­,Timkat (Ã‰piphanie),"Janvier â€” procession colorÃ©e, bains rituels, plus grande fÃªte d'Ã‰thiopie."
gondar,ğŸ”ï¸,Monts Simien,"Oct-mars â€” trek, gÃ©ladas, loups d'Ã‰thiopie, paysages vertigineux."
gondar,ğŸ’°,Budget,"Oct-mars â€” saison sÃ¨che, Ã‰thiopie trÃ¨s abordable, trek 30â‚¬/jour."
lalibela,â›ª,Ã‰glises rupestres,"Oct-mars â€” 11 Ã©glises taillÃ©es dans la roche UNESCO, 12e siÃ¨cle."
lalibela,ğŸ­,NoÃ«l Ã©thiopien (Genna),"7 janvier â€” messe nocturne dans les Ã©glises, pÃ¨lerinage unique."
lalibela,ğŸ¥¾,RandonnÃ©e Abuna Yosef,"Oct-fÃ©v â€” trek Ã  4 000 m, vue sur les Ã©glises, gÃ©ladas."
lalibela,ğŸ’°,Budget,"Oct-mars â€” hÃ©bergement 10-15â‚¬, guide obligatoire 20â‚¬/jour."
jinja,ğŸš£,Rafting source du Nil,"Toute l'annÃ©e â€” rapides classe V, l'un des meilleurs spots au monde."
jinja,ğŸï¸,Source du Nil,"Toute l'annÃ©e â€” point de dÃ©part du Nil Blanc depuis le lac Victoria."
jinja,ğŸ’,ForÃªt de Mabira,"Juin-sep â€” primates, oiseaux, canopy walk, VTT."
jinja,ğŸ’°,Budget,"Toute l'annÃ©e â€” rafting complet 100-130$, hÃ©bergement 10-15â‚¬."
lamu,ğŸ˜ï¸,Vieille ville swahilie,"Juin-oct â€” UNESCO, ruelles en pierre corallienne, Ã¢nes (pas de voitures)."
lamu,â›µ,Dhow & coucher de soleil,"Juil-oct â€” navigation traditionnelle, Shela Beach, Manda Island."
lamu,ğŸ­,Maulidi Festival,"Mars (variable) â€” cÃ©lÃ©bration du ProphÃ¨te, musique, danses, courses d'Ã¢nes."
lamu,ğŸ’°,Budget,"Mai-juin â€” prÃ©-saison, guesthouses 15-25â‚¬, cuisine locale 3-5â‚¬."
livingstone,ğŸŒŠ,Chutes Victoria cÃ´tÃ© Zambie,"FÃ©v-mai â€” Knife Edge Bridge, spray monumental, arc-en-ciel."
livingstone,ğŸš£,Rafting ZambÃ¨ze,"AoÃ»t-dÃ©c â€” rapides classe V depuis Livingstone, journÃ©e complÃ¨te."
livingstone,ğŸ¦,Mosi-oa-Tunya NP,"Juin-oct â€” rhinocÃ©ros blancs, girafes, safari Ã  pied."
livingstone,ğŸŒ…,Sunset cruise ZambÃ¨ze,"Toute l'annÃ©e â€” croisiÃ¨re avec hippos, crocodiles, apÃ©ro."
maun,ğŸ¦,Delta de l'Okavango,"Mai-oct â€” safari en mokoro, Big Five, inondation maximale."
maun,ğŸ˜,Moremi Game Reserve,"Juin-oct â€” rÃ©serve dans le delta, Ã©lÃ©phants, lÃ©opards, lycaons."
maun,ğŸ¦…,Vol scenic delta,"Toute l'annÃ©e â€” survol des canaux et Ã®les du delta en petit avion."
maun,ğŸ’°,Budget,"Nov-mars â€” saison verte, lodges -40%, bÃ©bÃ©s animaux."
tofo,ğŸ¤¿,PlongÃ©e raies manta,"Oct-mars â€” raies manta gÃ©antes, requins-baleines, rÃ©cifs."
tofo,ğŸ–ï¸,Plage de Tofo,"Mai-oct â€” sable blanc, eau turquoise, surf, saison sÃ¨che."
tofo,ğŸ‹,Requins-baleines,"Oct-mars â€” nager avec les requins-baleines, expÃ©rience unique."
tofo,ğŸ’°,Budget,"Mai-oct â€” backpackers 10â‚¬/nuit, plongÃ©e 35â‚¬, repas 3-5â‚¬."
etosha,ğŸ¦,Safari Etosha,"Mai-oct â€” point d'eau = safari facile, lions, Ã©lÃ©phants, rhinocÃ©ros."
etosha,ğŸ“¸,Pan d'Etosha,"Toute l'annÃ©e â€” lac assÃ©chÃ© blanc de 5 000 kmÂ², paysage lunaire."
etosha,ğŸ¦,RhinocÃ©ros noirs,"Mai-oct â€” l'une des derniÃ¨res grandes populations, points d'eau nocturnes."
etosha,ğŸ’°,Budget,"Nov-mars â€” saison verte, campings 10-15â‚¬, animaux avec bÃ©bÃ©s."
windhoek,ğŸ›ï¸,Christuskirche & Alte Feste,"Toute l'annÃ©e â€” architecture coloniale allemande, musÃ©e national."
windhoek,ğŸº,Joe's Beerhouse & cuisine,"Toute l'annÃ©e â€” oryx, kudu, potjiekos, biÃ¨res namibiennes."
windhoek,ğŸœï¸,Excursion Sossusvlei,"Mai-oct â€” dunes rouges les plus hautes du monde Ã  5h de route."
windhoek,ğŸ’°,Budget,"Nov-mars â€” saison verte, lodges -40%, orages spectaculaires."
maputo,ğŸ½ï¸,Fruits de mer & marchÃ©,"Toute l'annÃ©e â€” crevettes gÃ©antes, matapa, piri-piri, Mercado Central."
maputo,ğŸ›ï¸,Gare CFM & Fort,"Toute l'annÃ©e â€” gare style Eiffel, forteresse portugaise, street art."
maputo,ğŸ–ï¸,Plages d'Inhaca,"Mai-oct â€” Ã®le Ã  1h en ferry, snorkel, mangroves."
maputo,ğŸµ,Marrabenta & vie nocturne,"Toute l'annÃ©e â€” musique mozambicaine, bars de Baixa, danse."
bichkek,ğŸ”ï¸,Ala-Archa & Tian Shan,"Juin-sep â€” gorge Ã  30 min, treks alpins, glaciers accessibles."
bichkek,ğŸ´,Yourtes & vie nomade,"Juin-sep â€” sÃ©jour en yourte, Song Kul, cavalcades en altitude."
bichkek,ğŸï¸,Lac Issyk-Kul,"Juil-aoÃ»t â€” 2e plus grand lac alpin au monde, plages de montagne."
bichkek,ğŸ’°,Budget,"Toute l'annÃ©e â€” l'un des pays les moins chers d'Asie centrale, repas 2-3â‚¬."
mongolie,ğŸ´,Steppes & vie nomade,"Juin-sep â€” yourtes, cavalcades, hospitalitÃ© mongole, immensitÃ©."
mongolie,ğŸœï¸,DÃ©sert de Gobi,"Juin-sep â€” dunes de Khongoryn Els, falaises de Bayanzag, chameaux."
mongolie,ğŸ­,Naadam Festival,"11-13 juillet â€” lutte, tir Ã  l'arc, courses de chevaux, fÃªte nationale."
mongolie,ğŸ’°,Budget,"Juin-sep â€” seule fenÃªtre praticable, tours organisÃ©s 50-80â‚¬/jour."
zanzibar-ville,ğŸ˜ï¸,Stone Town & portes sculptÃ©es,"Juin-oct â€” ruelles labyrinthiques UNESCO, House of Wonders."
zanzibar-ville,ğŸŒ¶ï¸,Spice Tour,"Juil-oct â€” clou de girofle, vanille, muscade, plantations aromatiques."
zanzibar-ville,ğŸ–ï¸,Plages de Nungwi & Kendwa,"Juin-oct â€” sable blanc, coucher de soleil, dhows au mouillage."
zanzibar-ville,ğŸ½ï¸,Forodhani Night Market,"Toute l'annÃ©e â€” brochettes, pizza zanzibarite, jus de canne."
socotra,ğŸŒ³,Arbres dragon sang,"Oct-avr â€” dragonniers endÃ©miques, paysage extraterrestre unique."
socotra,ğŸ–ï¸,Plages dÃ©sertes,"Nov-mars â€” Qalansiyah, Detwah Lagoon, sable blanc sans touristes."
socotra,ğŸŒ¿,BiodiversitÃ© unique,"Oct-avr â€” 37% plantes endÃ©miques, Ã®le Galapagos de l'ocÃ©an Indien."
socotra,ğŸ’°,Budget,"Oct-avr â€” accÃ¨s limitÃ©, tour obligatoire 80-120$/jour tout compris."
svalbard,ğŸ»â€â„ï¸,Ours polaires,"Mars-juin â€” observation en bateau ou motoneige, population ~3 000."
svalbard,ğŸŒ…,Soleil de minuit,"Mai-juil â€” lumiÃ¨re continue, kayak, randonnÃ©e dans la toundra."
svalbard,ğŸ”ï¸,Glaciers & fjords,"Juin-aoÃ»t â€” croisiÃ¨re cÃ´tiÃ¨re, fronts glaciaires, morses."
svalbard,ğŸŒŒ,Aurores borÃ©ales,"Nov-fÃ©v â€” nuit polaire, aurores spectaculaires, motoneige."
cartagena-col,ğŸ°,Ciudad Amurallada,"DÃ©c-avr â€” murailles coloniales, balcons fleuris, place Santo Domingo."
cartagena-col,ğŸ–ï¸,Ãles du Rosaire,"DÃ©c-avr â€” archipel corallien, plages, snorkel, lancha 45 min."
cartagena-col,ğŸ½ï¸,Ceviche & GetsemanÃ­,"Toute l'annÃ©e â€” street art, arepa de huevo, cocktails au coucher."
cartagena-col,ğŸ’°,Budget,"Mai-juin ou sep-nov â€” pluies courtes, hÃ´tels -30%."
la-paz-bolivie,ğŸ”ï¸,Altiplano & Illimani,"Mai-oct â€” vue sur le sommet de 6 438 m, tÃ©lÃ©phÃ©rique panoramique."
la-paz-bolivie,ğŸ›£ï¸,Route de la Mort VTT,"Mai-oct â€” descente de 3 600 m en 64 km, Yungas tropicaux."
la-paz-bolivie,ğŸ›ï¸,MarchÃ© des sorciÃ¨res,"Toute l'annÃ©e â€” remÃ¨des aymaras, artisanat, fÅ“tus de lama sÃ©chÃ©s."
la-paz-bolivie,ğŸ’°,Budget,"Mai-oct â€” l'une des capitales les moins chÃ¨res, almuerzo 2â‚¬."
cusco-ville,ğŸ›ï¸,Plaza de Armas & Qorikancha,"Avr-oct â€” centre inca-colonial, murs incas, altitude 3 400 m."
cusco-ville,ğŸ”ï¸,VallÃ©e SacrÃ©e,"Mai-sep â€” Ollantaytambo, Pisac, salines de Maras, ruines incas."
cusco-ville,ğŸŒˆ,Montagne Arc-en-ciel,"Avr-oct â€” Vinicunca Ã  5 200 m, strates gÃ©ologiques multicolores."
cusco-ville,ğŸ½ï¸,Cuisine novoandina,"Toute l'annÃ©e â€” ceviche de trucha, cuy, marchÃ©s de San Pedro."
sucre,ğŸ›ï¸,Centre colonial blanc,"Avr-oct â€” capitale constitutionnelle, Casa de la Libertad, UNESCO."
sucre,ğŸ¦•,Parc CrÃ©tacique,"Toute l'annÃ©e â€” 5 000+ empreintes de dinosaures, paroi verticale."
sucre,ğŸ«,Chocolat & marchÃ©s,"Toute l'annÃ©e â€” chocolat de cacao bolivien, marchÃ©s indigÃ¨nes."
sucre,ğŸ’°,Budget,"Avr-oct â€” ville abordable mÃªme en haute saison, repas 2â‚¬."
mendoza,ğŸ·,Malbec & bodegas,"Mars-mai â€” vendanges, route du vin, 1 200+ domaines."
mendoza,ğŸ”ï¸,Aconcagua & Andes,"Nov-mars â€” plus haut sommet des AmÃ©riques (6 961 m), treks."
mendoza,ğŸš£,Rafting RÃ­o Mendoza,"Nov-mars â€” descente en eaux vives avec vue sur les Andes."
mendoza,ğŸ½ï¸,Asado & gastronomie,"Toute l'annÃ©e â€” meilleur asado d'Argentine, empanadas mendocinas."
florianopolis,ğŸ–ï¸,42 plages,"Nov-mars â€” Joaquina (surf), Lagoinha, Campeche, eau 24Â°C."
florianopolis,ğŸ„,Surf & kitesurf,"Avr-sep â€” houle australe, Mole et Joaquina, compÃ©titions."
florianopolis,ğŸŒ¿,Lagoa da ConceiÃ§Ã£o,"Toute l'annÃ©e â€” lagune, restaurants, kitesurf, vie nocturne."
florianopolis,ğŸ’°,Budget,"Avr-oct â€” hors Ã©tÃ© brÃ©silien, hÃ©bergement -40%."
manaus,ğŸŒ³,Amazonie & lodges,"Juin-nov â€” observation animaux, eaux basses, randonnÃ©e forÃªt."
manaus,ğŸŒŠ,Rencontre des eaux,"Toute l'annÃ©e â€” Rio Negro et SolimÃµes cÃ´te Ã  cÃ´te sur 6 km."
manaus,ğŸ†,Faune amazonienne,"Juin-nov â€” dauphins roses, singes, aras, caimans nocturnes."
manaus,ğŸ›ï¸,Teatro Amazonas,"Toute l'annÃ©e â€” opÃ©ra Belle Ã‰poque, symbole du boom du caoutchouc."
rarotonga,ğŸ–ï¸,Muri Lagoon,"Mai-oct â€” lagon turquoise, motu, snorkel, kayak."
rarotonga,ğŸ¥¾,Cross-Island Track,"Mai-oct â€” traversÃ©e de l'Ã®le en 4h, jungle, cascade Te Rua Manga."
rarotonga,ğŸ›µ,Tour de l'Ã®le,"Toute l'annÃ©e â€” 32 km en scooter, plages, marchÃ©s, culture Cook."
rarotonga,ğŸ’°,Budget,"Nov-mars â€” saison pluie mais lodges -30%, mer chaude."
iguazu,ğŸŒŠ,Chutes d'IguazÃº,"Mars-mai â€” 275 cascades, Garganta del Diablo, dÃ©bit optimal."
iguazu,ğŸ¦œ,Faune subtropicale,"Toute l'annÃ©e â€” toucans, coatis, papillons, forÃªt atlantique."
iguazu,ğŸ›¶,Speed boat sous les chutes,"Toute l'annÃ©e â€” approche en zodiac sous les cascades, trempÃ© garanti."
iguazu,ğŸ’°,Budget,"Juin-aoÃ»t â€” hiver doux, moins de touristes, billets combinÃ©s AR-BR."
noumea,ğŸ–ï¸,Ãle des Pins,"Mai-oct â€” piscine naturelle d'Oro, pins colonnaires, lagon."
noumea,ğŸ¤¿,Lagon UNESCO,"Toute l'annÃ©e â€” plus grand lagon fermÃ© du monde, plongÃ©e."
noumea,ğŸ›ï¸,Centre culturel Tjibaou,"Toute l'annÃ©e â€” architecture Renzo Piano, culture kanak."
noumea,ğŸ½ï¸,Cuisine fusion franco-mÃ©lanÃ©sienne,"Toute l'annÃ©e â€” bougna, poisson cru au lait de coco, brasseries."
tahiti,ğŸ„,Surf Teahupo'o,"Mai-oct â€” vague mythique, compÃ©titions mondiales, JO 2024."
tahiti,ğŸ–ï¸,Plages noires & lagons,"Mai-oct â€” sable volcanique, cascades de Faarumai, lagon turquoise."
tahiti,ğŸŒº,Culture polynÃ©sienne,"Juil â€” Heiva i Tahiti, danses traditionnelles, compÃ©titions."
tahiti,ğŸ½ï¸,Poisson cru au lait de coco,"Toute l'annÃ©e â€” plat national, marchÃ©s de Papeete, roulottes."
moorea,ğŸ–ï¸,Plages & lagons,"Mai-oct â€” Temae Beach, baie de Cook, eau cristalline."
moorea,ğŸ‹,Baleines & dauphins,"Juil-nov â€” baleines Ã  bosse dans le lagon, nage avec dauphins."
moorea,ğŸ,Ananas & agriculture,"Toute l'annÃ©e â€” Moorea = Ã®le de l'ananas, plantations, jus frais."
moorea,ğŸ¥¾,BelvÃ©dÃ¨re & Trois Cocotiers,"Toute l'annÃ©e â€” point de vue sur les 2 baies, rando en forÃªt."
iles-cook,ğŸ–ï¸,Aitutaki Lagoon,"Mai-oct â€” plus beau lagon du Pacifique, One Foot Island."
iles-cook,ğŸ¤¿,Snorkel & tortues,"Toute l'annÃ©e â€” rÃ©cifs accessibles, tortues, poissons tropicaux."
iles-cook,ğŸ›ï¸,Culture polynÃ©sienne,"Toute l'annÃ©e â€” danses, tissage, ukulÃ©lÃ©, marchÃ©s du samedi."
iles-cook,ğŸ’°,Budget,"Nov-mars â€” saison pluie mais logements -30%, mer chaude."
papouasie,ğŸŒ¿,Highlands & tribus,"Mai-oct â€” vallÃ©e de Baliem, cultures tribales prÃ©servÃ©es."
papouasie,ğŸ­,Sing-sing Goroka Show,"Sep â€” rassemblement de 100+ tribus, costumes, danses rituelles."
papouasie,ğŸ¤¿,PlongÃ©e Kimbe Bay,"Oct-avr â€” rÃ©cifs vierges, Ã©paves WWII, biodiversitÃ© exceptionnelle."
papouasie,ğŸ’°,Budget,"Mai-oct â€” saison sÃ¨che, accÃ¨s limitÃ©, tours 100-150$/jour."
sao-miguel,â™¨ï¸,Caldeiras & Sete Cidades,"Mai-sep â€” lacs volcaniques, sources chaudes, cozido cuit sous terre."
sao-miguel,ğŸ‹,Observation baleines,"Avr-oct â€” cachalots rÃ©sidents, dauphins, pÃ©trels."
sao-miguel,ğŸŒ¿,RandonnÃ©e volcanique,"Mai-sep â€” sentiers cÃ´tiers, cratÃ¨res, forÃªts de lauriers."
sao-miguel,ğŸµ,ThÃ© & ananas,"Toute l'annÃ©e â€” unique plantation de thÃ© d'Europe, serres d'ananas."
sal,ğŸ–ï¸,Plages de Santa Maria,"Nov-juin â€” sable blond, eau turquoise, kitesurf, 350 jours de soleil."
sal,ğŸ„,Windsurf & kite,"Nov-juin â€” vent constant, Ponta Preta, compÃ©titions internationales."
sal,ğŸŒŠ,Salines de Pedra de Lume,"Toute l'annÃ©e â€” cratÃ¨re volcanique rempli de sel, flottaison."
sal,ğŸ¢,Tortues marines,"Juil-oct â€” ponte des tortues caouannes sur les plages."
granada-nicaragua,ğŸ›ï¸,Architecture coloniale,"Nov-avr â€” cathÃ©drale, Calle La Calzada, maisons colorÃ©es."
granada-nicaragua,ğŸŒ‹,VolcÃ¡n Masaya,"Nov-avr â€” lave visible de nuit, l'un des volcans les plus actifs."
granada-nicaragua,ğŸï¸,Isletas de Granada,"Nov-avr â€” 365 Ã®lots sur le lac Nicaragua, kayak, oiseaux."
granada-nicaragua,ğŸ’°,Budget,"Nov-avr â€” l'un des pays les moins chers d'AmÃ©rique Centrale."
guanajuato,ğŸ˜ï¸,Callejones & maisons colorÃ©es,"Oct-avr â€” ruelles souterraines, maisons multicolores, CallejÃ³n del Beso."
guanajuato,ğŸ­,Festival Cervantino,"Octobre â€” plus grand festival d'art d'AmÃ©rique latine."
guanajuato,ğŸ›ï¸,Momies & mines,"Toute l'annÃ©e â€” musÃ©e des Momies, mines d'argent coloniales."
guanajuato,ğŸ’°,Budget,"Nov-mars â€” hors festival, hÃ©bergement abordable, cuisine 3-5â‚¬."
san-cristobal,ğŸŒ¿,ForÃªt de nuages,"Nov-avr â€” orchidÃ©es, colibris, sentiers dans la brume chiapanÃ¨que."
san-cristobal,ğŸ›ï¸,Culture tzotzil & tzeltal,"Toute l'annÃ©e â€” villages indigÃ¨nes, textiles, San Juan Chamula."
san-cristobal,ğŸ˜ï¸,Centre colonial,"Toute l'annÃ©e â€” cathÃ©drale, marchÃ©s d'ambre, cafÃ©s de spÃ©cialitÃ©."
san-cristobal,ğŸ«,Cacao & cafÃ© du Chiapas,"Toute l'annÃ©e â€” meilleur cafÃ© du Mexique, cacao artisanal."
dominique,â™¨ï¸,Boiling Lake,"Nov-avr â€” trek 6h dans la jungle, 2e plus grand lac bouillant au monde."
dominique,ğŸ¤¿,Champagne Reef,"Nov-avr â€” bulles volcaniques sous-marines, snorkel unique."
dominique,ğŸŒ¿,Rainforest & cascades,"Nov-avr â€” Trafalgar Falls, Emerald Pool, Ã®le la plus verte des CaraÃ¯bes."
dominique,ğŸ‹,Cachalots rÃ©sidents,"Nov-mars â€” seul endroit au monde avec cachalots rÃ©sidents toute l'annÃ©e."
bonaire,ğŸ¤¿,PlongÃ©e du rivage,"Toute l'annÃ©e â€” 86 sites balisÃ©s, rÃ©cifs accessibles depuis la plage."
bonaire,ğŸ¦©,Flamants roses,"Toute l'annÃ©e â€” sanctuaire de flamants, salines roses."
bonaire,ğŸ„,Windsurf Lac Bay,"Toute l'annÃ©e â€” vent alizÃ© constant, eau plate, spot parfait."
bonaire,ğŸ’°,Budget,"Sep-nov â€” hors haute saison, hÃ©bergement -25%, plongÃ©e identique."
grenadines,â›µ,Navigation Ã®le en Ã®le,"Nov-mai â€” Tobago Cays, Bequia, Mustique, alizÃ©s parfaits."
grenadines,ğŸ–ï¸,Tobago Cays,"Nov-mai â€” parc marin, tortues, sable blanc, mouillage mythique."
grenadines,ğŸ¤¿,Snorkel & rÃ©cifs,"Toute l'annÃ©e â€” murs coralliens, raies, tortues dans les Cays."
grenadines,ğŸ’°,Budget,"Juin-oct â€” saison pluie, ferries locaux, guesthouses abordables."
roatan,ğŸ¤¿,BarriÃ¨re de corail mÃ©so-amÃ©ricaine,"DÃ©c-avr â€” 2e plus grand rÃ©cif au monde, plongÃ©e 25-30$."
roatan,ğŸ–ï¸,West Bay Beach,"DÃ©c-avr â€” sable blanc, eau turquoise, rÃ©cif Ã  20 m du rivage."
roatan,ğŸ’,Gumbalimba Park,"Toute l'annÃ©e â€” singes, paresseux, iguanes, tyrolienne."
roatan,ğŸ’°,Budget,"Mai-nov â€” plongÃ©e identique, hÃ´tels -40%, moins de monde."
wellington,ğŸ¬,Weta Workshop & cinÃ©ma,"Toute l'annÃ©e â€” studios du Seigneur des Anneaux, musÃ©e du cinÃ©ma."
wellington,ğŸº,Craft beer & cafÃ©s,"Toute l'annÃ©e â€” capitale du cafÃ© en NZ, Cuba Street, brasseries."
wellington,ğŸ”ï¸,Te Papa & cÃ´te sauvage,"Nov-mars â€” musÃ©e national gratuit, Red Rocks, phoques."
wellington,ğŸ½ï¸,Gastronomie & night market,"Toute l'annÃ©e â€” restaurants inventifs, Wellington Night Market."
christchurch,ğŸ”ï¸,Arthur's Pass & Canterbury,"Nov-mars â€” trek alpin, riviÃ¨res turquoise, TranzAlpine train."
christchurch,ğŸŒ¿,Jardins botaniques,"Sep-mars â€” 21 ha de jardins, Avon River punting, cerfs-volants."
christchurch,ğŸ¨,Street art & renaissance,"Toute l'annÃ©e â€” ville reconstruite en mode crÃ©atif aprÃ¨s 2011."
christchurch,ğŸ–ï¸,PÃ©ninsule de Banks,"Nov-mars â€” volcans, baies, dauphins Hector, Akaroa franÃ§aise."
monteverde,ğŸ¦,Quetzal resplendissant,"Nov-avr â€” rÃ©serve de forÃªt de nuages, oiseau mythique maya."
monteverde,ğŸŒ¿,Ponts suspendus & zip-line,"Nov-avr â€” canopÃ©e Ã  60 m, 8 tyroliennes, forÃªt tropicale."
monteverde,â˜•,CafÃ© & chocolat,"Toute l'annÃ©e â€” plantations d'altitude, torrÃ©faction, dÃ©gustation."
monteverde,ğŸ¦¥,Sanctuaire de paresseux,"Toute l'annÃ©e â€” observation nocturne, grenouilles, serpents."
