slug,icon,titre,texte
agadir,ğŸ–ï¸,Plage & surf,"Toute l'annÃ©e â€” Agadir a l'une des meilleures conditions de surf du Maroc, vent rÃ©gulier."
agadir,ğŸŒï¸,Golf,"Octobre-avril â€” 3 golfs de rÃ©fÃ©rence, tempÃ©ratures idÃ©ales 20-25Â°C."
agadir,ğŸ¥¾,RandonnÃ©e Anti-Atlas,"Octobre-mars â€” massif de l'Anti-Atlas accessible depuis Agadir, villages berbÃ¨res."
agadir,ğŸ‘¨â€ğŸ‘©â€ğŸ‘§,Famille,"Avril-mai ou octobre â€” mer chaude, plage sÃ©curisÃ©e, moins de chaleur extrÃªme."
agadir,ğŸ’°,Budget,"Novembre-mars â€” hors saison estivale, prix hÃ©bergement -30%."
agadir,ğŸ½ï¸,Gastronomie,"Toute l'annÃ©e â€” poissons grillÃ©s au port, tajines, huile d'argan."
algarve,ğŸ–ï¸,Plage & falaises,"Juillet-aoÃ»t â€” Praia da Marinha, Ponta da Piedade, Meia Praia."
algarve,ğŸŒŠ,Surf,Octobre-mars â€” Sagres et Arrifana pour les swells atlantiques.
algarve,ğŸš£,Kayak & grottes,"Juin-septembre â€” mer calme, grottes de Benagil accessibles."
algarve,ğŸ‘¨â€ğŸ‘©â€ğŸ‘§,Famille,"Juin ou septembre â€” mer 20-22Â°C, plages sÃ©curisÃ©es."
algarve,ğŸ’°,Budget,"Mars ou novembre â€” mÃ©tÃ©o correcte, prix -40%."
alicante,ğŸ–ï¸,Plage,"Juin-septembre â€” Playa de San Juan, eaux calmes et chaudes (26Â°C)."
alicante,ğŸ›ï¸,ChÃ¢teau de Santa BÃ¡rbara,"Avril-mai ou octobre â€” visite sans chaleur, vue panoramique sur la ville."
alicante,ğŸ‡,Gastronomie & vins,"Toute l'annÃ©e â€” DO Alicante, tapas, riz Ã  la bande noire."
alicante,ğŸ‘¨â€ğŸ‘©â€ğŸ‘§,Famille,"Juin ou septembre â€” mer chaude, plages familiales, moins de monde."
alicante,ğŸ’°,Budget,"Mai ou octobre â€” tempÃ©ratures agrÃ©ables, prix -30% vs juillet."
alicante,ğŸ¥¾,Sierra de Aitana,Mars-mai ou octobre â€” randonnÃ©es Ã  30 min d'Alicante.
amalfi,ğŸ–ï¸,Plage & baignade,"Juin-septembre â€” plages de Positano et Maiori, mer 24-26Â°C."
amalfi,ğŸ¥¾,Sentier des Dieux,Mai ou septembre-octobre â€” randonnÃ©e Agerola-Positano.
amalfi,ğŸš¢,Excursion bateau,"Juin-septembre â€” Capri, Grotte bleue depuis Amalfi."
amalfi,ğŸ‘¨â€ğŸ‘©â€ğŸ‘§,Famille,"Juin â€” routes praticables, foule raisonnable."
amalfi,ğŸ“¸,Photographie,"Septembre â€” lumiÃ¨re d'or, terrasses vides."
amsterdam,ğŸŒ·,Tulipes & Keukenhof,"Mi-mars Ã  mi-mai â€” 7 millions de fleurs, Keukenhof ouvert seulement 8 semaines."
amsterdam,ğŸš²,VÃ©lo & canaux,"Mai-septembre â€” rÃ©seau cyclable unique, croisiÃ¨res canaux."
amsterdam,ğŸ›ï¸,MusÃ©es,"Toute l'annÃ©e â€” Rijksmuseum, Van Gogh, Anne Frank sans files en hiver."
amsterdam,ğŸ‰,FÃªtes & festivals,"Avril-aoÃ»t â€” King's Day (27 avril), Pride, festivals open-air."
amsterdam,ğŸ‘¨â€ğŸ‘©â€ğŸ‘§,Famille,"Juin-aoÃ»t â€” NEMO Science Museum, Artis zoo, jours trÃ¨s longs."
amsterdam,ğŸ’°,Budget,"Novembre-mars â€” hÃ´tels souvent moins chers, musÃ©es accessibles, ambiance locale."
bali,ğŸŒ´,Plage & surf,"Juin-septembre â€” cÃ´te sud (Seminyak, Canggu). Saison surf cÃ´te ouest : avril-octobre."
bali,ğŸ›•,Temples & culture,"Mai ou octobre â€” avant/aprÃ¨s la haute saison, moins de monde."
bali,ğŸ¥¾,Trek volcans,Juillet-aoÃ»t â€” Agung et Batur dans les meilleures conditions de visibilitÃ©.
bali,ğŸ‘¨â€ğŸ‘©â€ğŸ‘§,Famille,"Juillet-aoÃ»t â€” saison sÃ¨che, activitÃ©s aquatiques, mais prix Ã©levÃ©s."
bali,ğŸ’†,Retraite / yoga,"Mai ou octobre â€” moins de monde, tarifs infÃ©rieurs, bonne mÃ©tÃ©o."
bangkok,ğŸ›•,Temples & palais,"Novembre-fÃ©vrier â€” Grand Palais, Wat Pho, Wat Arun sans chaleur Ã©crasante."
bangkok,ğŸœ,Street food,"Toute l'annÃ©e â€” Chinatown, marchÃ©s nocturnes, cours de cuisine thaÃ¯."
bangkok,ğŸ›ï¸,Shopping,"Novembre-janvier â€” Chatuchak, malls gÃ©ants, soldes de fin d'annÃ©e."
bangkok,ğŸ‘¨â€ğŸ‘©â€ğŸ‘§,Famille,"DÃ©cembre-janvier â€” saison sÃ¨che, Safari World, parcs aquatiques."
bangkok,ğŸ¥¾,Excursions,"Novembre-mars â€” Ayutthaya (UNESCO), Kanchanaburi, Floating Market."
bangkok,ğŸ’°,Budget,"Avril-mai â€” basse saison, tarifs minimaux, Songkran en avril."
barbade,ğŸ–ï¸,Plage & lagon,"Juillet-aoÃ»t â€” Carlisle Bay, Bridgetown, Oistins Bay."
barbade,ğŸ¤¿,PlongÃ©e & snorkeling,"Octobre-janvier â€” meilleure visibilitÃ©, rÃ©cifs coralliens vivants."
barbade,ğŸ¬,Dauphins & baleines,Juillet-septembre â€” dauphins spinner sur la cÃ´te ouest.
barbade,ğŸ‘¨â€ğŸ‘©â€ğŸ‘§,Famille,"Juillet â€” alizÃ©s doux, mer calme, resorts familiaux."
barbade,ğŸ¥¾,RandonnÃ©e,"Juin-septembre â€” parcs nationaux, sentiers cÃ´tiers."
barcelone,ğŸ–ï¸,Plage,"Juin-septembre â€” Barceloneta, Bogatell, eau 24Â°C."
barcelone,ğŸ›ï¸,GaudÃ­ & architecture,"Avril-mai ou octobre â€” Sagrada FamÃ­lia, Park GÃ¼ell sans files interminables."
barcelone,ğŸ‰,Festivals,"Juin-aoÃ»t â€” Primavera Sound, SÃ³nar, Festa Major de GrÃ cia."
barcelone,ğŸ½ï¸,Gastronomie,"Toute l'annÃ©e â€” tapas, cava, marchÃ© de la Boqueria."
barcelone,ğŸ‘¨â€ğŸ‘©â€ğŸ‘§,Famille,"Juin ou septembre â€” plage, Tibidabo, AquÃ rium, Zoo."
barcelone,ğŸ’°,Budget,"Novembre-mars â€” hÃ´tels souvent moins chers, sans foule estivale."
berlin,ğŸ›ï¸,Histoire & musÃ©es,"Toute l'annÃ©e â€” Pergamon, DDR Museum, MÃ©morial de l'Holocauste."
berlin,ğŸµ,ScÃ¨ne musicale,"Juin-aoÃ»t â€” festivals open-air, clubs, scÃ¨ne Ã©lectro mondiale."
berlin,ğŸŒ¿,Parcs & Tiergarten,"Mai-septembre â€” Tiergarten, Treptower Park, baignades en lac."
berlin,ğŸ»,BiÃ¨re & gastronomie,"Toute l'annÃ©e â€” Markthalle Neun, brasseries artisanales, currywurst."
berlin,ğŸ‘¨â€ğŸ‘©â€ğŸ‘§,Famille,"Juin-aoÃ»t â€” LEGOLAND Discovery Centre, Zoo de Berlin, jours longs."
berlin,ğŸ’°,Budget,"Novembre-mars â€” hÃ´tels trÃ¨s accessibles, marchÃ©s de NoÃ«l, musÃ©es gratuits."
bordeaux,ğŸ·,Vignobles,"Septembre-octobre â€” vendanges, Route des ChÃ¢teaux, Saint-Ã‰milion en fÃªte."
bordeaux,ğŸš²,VÃ©lo & Garonne,"Avril-juin ou septembre â€” pistes cyclables, croisiÃ¨res fluviales."
bordeaux,ğŸ›ï¸,Architecture,"Toute l'annÃ©e â€” Place de la Bourse, CAPC, CitÃ© du Vin."
bordeaux,ğŸ‘¨â€ğŸ‘©â€ğŸ‘§,Famille,"Juin-aoÃ»t â€” Dune du Pilat, cÃ´te Atlantique Ã  1h, Base sous-marine."
bordeaux,ğŸ„,Surf & Atlantique,"Juin-septembre â€” Lacanau, Hossegor Ã  1h, vagues de renommÃ©e mondiale."
bordeaux,ğŸ’°,Budget,"Novembre-mars â€” hÃ´tels accessibles, gastronomie toute l'annÃ©e."
bretagne,ğŸ–ï¸,CÃ´tes & mÃ©galithes,"Juin-aoÃ»t â€” CÃ´te de Granit Rose, alignements de Carnac, Pointe du Raz."
bretagne,ğŸ¦,Gastronomie marine,"Toute l'annÃ©e â€” homard, galettes, huÃ®tres, cidre breton."
bretagne,ğŸ¥¾,RandonnÃ©e GR34,"Mai-septembre â€” sentier cÃ´tier de 2000 km, vues spectaculaires."
bretagne,â›µ,Voile & sports nautiques,"Juin-aoÃ»t â€” Brest, La TrinitÃ©-sur-Mer, rÃ©gates."
bretagne,ğŸ‘¨â€ğŸ‘©â€ğŸ‘§,Famille,"Juillet-aoÃ»t â€” plages sÃ©curisÃ©es, crÃªperies, chÃ¢teaux mÃ©diÃ©vaux."
bretagne,ğŸ­,Festivals celtiques,"AoÃ»t â€” Festival Interceltique de Lorient, Fest Noz."
buenos-aires,ğŸ•º,Tango,"Toute l'annÃ©e â€” milongas, cours, Caminito Ã  La Boca."
buenos-aires,ğŸ¥©,Gastronomie,"Toute l'annÃ©e â€” parrilla, malbec, facturas, dulce de leche."
buenos-aires,ğŸ›ï¸,Architecture & culture,Mars-mai ou septembre-novembre â€” printemps/automne austral idÃ©al.
buenos-aires,ğŸŒ¿,Tigre & estancias,"Octobre-novembre â€” pampa verte, Delta du Tigre Ã  1h."
buenos-aires,ğŸ‘¨â€ğŸ‘©â€ğŸ‘§,Famille,"DÃ©cembre-fÃ©vrier â€” Ã©tÃ© austral, jardins botaniques, Reserva EcolÃ³gica."
buenos-aires,ğŸ’°,Budget,Toute l'annÃ©e â€” excellente valeur avec le taux de change favorable.
canaries,ğŸ–ï¸,Plage,"Juillet-aoÃ»t â€” plages du sud de Tenerife, Las Teresitas. Eau Ã  24Â°C."
canaries,ğŸ”ï¸,RandonnÃ©e & Teide,"Avril-octobre â€” Parc national, tÃ©lÃ©phÃ©rique, sentiers de lave."
canaries,ğŸ‹,Observation cÃ©tacÃ©s,"Toute l'annÃ©e â€” dauphins, baleines pilotes au large de Tenerife."
canaries,ğŸ‘¨â€ğŸ‘©â€ğŸ‘§,Famille,"Novembre-mars â€” soleil garanti, hors saison, prix bas. IdÃ©al avec enfants."
canaries,ğŸ’°,Budget,"Janvier-fÃ©vrier â€” hiver doux, prix minimum, tranquillitÃ© absolue."
cancun,ğŸ–ï¸,Plage & CaraÃ¯bes,"DÃ©cembre-avril â€” eaux turquoise, plages de sable blanc, mer calme."
cancun,ğŸ¤¿,PlongÃ©e & cenotes,"Novembre-mai â€” cenotes de la Riviera Maya, rÃ©cif mÃ©soamÃ©ricain."
cancun,ğŸ›ï¸,Ruines mayas,"DÃ©cembre-mars â€” ChichÃ©n ItzÃ¡, Tulum, CobÃ¡ sans chaleur Ã©crasante."
cancun,ğŸ¢,Tortues marines,Juin-octobre â€” ponte nocturne sur les plages de CancÃºn.
cancun,ğŸ‘¨â€ğŸ‘©â€ğŸ‘§,Famille,"DÃ©cembre-mars â€” mer calme, parcs aquatiques, Xcaret, Xel-HÃ¡."
cancun,ğŸ’°,Budget,"Mai ou octobre â€” hors saison, prix -40%, pas de cyclones."
capri,ğŸ”µ,Grotte Bleue,"Mai-septembre â€” matin uniquement, accÃ¨s en barque."
capri,ğŸ–ï¸,Baignade & crique,"Juin-septembre â€” Bagni di Tiberio, Marina Piccola."
capri,ğŸ¥¾,Via Krupp & randonnÃ©e,"Mai ou octobre â€” sentiers cÃ´tiers, vue Faraglioni."
capri,ğŸ›ï¸,Shopping & dolce vita,"Juillet-aoÃ»t â€” Via Camerelle, boutiques de luxe."
capri,ğŸ“¸,Photographie,"Septembre â€” lumiÃ¨re d'or sur les Faraglioni, Ã®le dÃ©serte."
corfou,ğŸ–ï¸,Plage,"Juin-septembre â€” Paleokastritsa, Glyfada, eaux cristallines."
corfou,ğŸ›ï¸,Vieille ville UNESCO,Avril-mai ou octobre â€” architecture vÃ©nitienne sans chaleur extrÃªme.
corfou,ğŸ«’,Gastronomie,"Toute l'annÃ©e â€” sofrito, bianco, spitiko krasi, oliviers millÃ©naires."
corfou,ğŸ¥¾,Corfu Trail,"Avril-mai ou octobre â€” 220 km nord-sud, villages intÃ©rieurs authentiques."
corfou,ğŸ‘¨â€ğŸ‘©â€ğŸ‘§,Famille,"Juin ou septembre â€” mer 25Â°C, plages familiales, moins de monde."
corfou,ğŸ’°,Budget,"Mai ou octobre â€” mer encore agrÃ©able, prix hÃ©bergements -35%."
corse,ğŸ–ï¸,Plage & calanques,"Juin-septembre â€” Bonifacio, Porto, Rondinara, eaux turquoise de MÃ©diterranÃ©e."
corse,ğŸ¥¾,GR20,"Juin-septembre â€” le trek le plus difficile d'Europe, 180 km, 2 semaines."
corse,ğŸš£,Kayak & canyoning,"Juin-aoÃ»t â€” gorges de Spelunca, canyons du Tavignano."
corse,ğŸ·,Vins & gastronomie,"Toute l'annÃ©e â€” charcuterie AOP, fromages, vins de Patrimonio."
corse,ğŸ‘¨â€ğŸ‘©â€ğŸ‘§,Famille,"Juin ou septembre â€” plages sÃ©curisÃ©es, moins de monde, tarifs corrects."
corse,ğŸ’°,Budget,Mai ou octobre â€” ferrys et hÃ©bergements -40%.
costa-rica,ğŸŒŠ,Plage Pacifique,"DÃ©cembre-avril â€” Tamarindo, Manuel Antonio, mer calme et ciel bleu."
costa-rica,ğŸŒ¿,Ã‰cotourisme & forÃªts,"Toute l'annÃ©e â€” Monteverde, Arenal, faune exceptionnelle en saison sÃ¨che."
costa-rica,ğŸ¤¿,PlongÃ©e & surf,"DÃ©cembre-mars (Pacifique) â€” meilleure visibilitÃ©, vagues pour surfeurs."
costa-rica,ğŸ‘¨â€ğŸ‘©â€ğŸ‘§,Famille,"DÃ©cembre-mars â€” saison sÃ¨che, routes praticables, activitÃ©s nature accessibles."
costa-rica,ğŸ¦¥,Faune sauvage,"Juillet-novembre â€” jaguars, toucans, tortues marines sur la cÃ´te CaraÃ¯be."
costa-rica,ğŸ’°,Budget,"Mai-juin ou novembre â€” dÃ©but/fin de saison verte, prix -25%, moins de monde."
cote-azur,ğŸ–ï¸,Plage,"Juillet-aoÃ»t â€” mer Ã  25-26Â°C, plages de galets Ã  Nice, sable Ã  Antibes/Pampelonne."
cote-azur,ğŸ¥¾,Gorges du Verdon,"Mai ou septembre â€” randonnÃ©e dans les gorges, tempÃ©ratures idÃ©ales."
cote-azur,ğŸ¨,Culture & musÃ©es,"Octobre-novembre â€” Matisse, Picasso, Chagall sans les files."
cote-azur,ğŸ‘¨â€ğŸ‘©â€ğŸ‘§,Famille,"Juin â€” mer dÃ©jÃ  chaude (22Â°C), foule raisonnable, pas encore les prix d'Ã©tÃ©."
cote-azur,ğŸ’°,Budget,"Mai ou octobre â€” mÃ©tÃ©o trÃ¨s correcte, prix 30-40% infÃ©rieurs au pic."
crete,ğŸ–ï¸,Plage,"Juillet-aoÃ»t â€” Elafonisi (sable rose), Balos, Vai (palmiers)."
crete,ğŸ¥¾,Gorges de Samaria,"Mai ou octobre â€” 18 km, ouvert mai-oct par temps sec."
crete,ğŸ›ï¸,Minoen & archÃ©o,"Avril-mai ou octobre â€” Cnossos, Phaistos sans chaleur."
crete,ğŸ‘¨â€ğŸ‘©â€ğŸ‘§,Famille,"Juin ou septembre â€” mer 24Â°C, gorges accessibles, sans foule."
crete,ğŸ’°,Budget,"Mars ou novembre â€” ouvert toute l'annÃ©e, prix -50%."
dubai,ğŸ–ï¸,Plage & piscine,"Novembre-avril â€” Jumeirah Beach, Palm. Eau Ã  22-26Â°C."
dubai,ğŸ›ï¸,Shopping & luxe,Janvier â€” Dubai Shopping Festival. DÃ©cembre â€” ambiance festive.
dubai,ğŸ™ï¸,Architecture,"Novembre-mars â€” Burj Khalifa, Dubai Museum, Frame."
dubai,ğŸ‘¨â€ğŸ‘©â€ğŸ‘§,Famille,"DÃ©cembre-mars â€” Aquaventure, safari dÃ©sert, ski indoor."
dubai,ğŸ¤¿,PlongÃ©e,"Novembre-avril â€” visibilitÃ© excellente, eau 24-26Â°C."
dubrovnik,ğŸ›ï¸,Remparts & vieille ville,"Avril-mai ou octobre â€” UNESCO, remparts sans foule."
dubrovnik,â›µ,Ãles & croisiÃ¨res,"Mai-septembre â€” Mljet, KorÄula, Hvar en ferry."
dubrovnik,ğŸ¤¿,PlongÃ©e,"Juin-septembre â€” eaux cristallines, Ã©paves, grottes sous-marines."
dubrovnik,ğŸ¥,Game of Thrones,Avril-mai ou octobre â€” lieux de tournage accessibles sans files.
dubrovnik,ğŸ‘¨â€ğŸ‘©â€ğŸ‘§,Famille,"Juin ou septembre â€” mer chaude, plages, moins de foule qu'en juillet."
dubrovnik,ğŸ’°,Budget,"Novembre-mars â€” hors saison, prix -50%, ville authentique."
edimbourg,ğŸ­,Festival d'Ã‰dimbourg,"AoÃ»t â€” le plus grand festival des arts au monde, 4000 spectacles."
edimbourg,ğŸ°,ChÃ¢teau & Royal Mile,"Toute l'annÃ©e â€” chÃ¢teau d'Ã‰dimbourg, Holyrood, Scotch whisky."
edimbourg,ğŸ¥¾,Arthur's Seat,"Mai-septembre â€” volcan Ã©teint au cÅ“ur de la ville, vue panoramique."
edimbourg,ğŸº,Pubs & whisky,"Toute l'annÃ©e â€” Scotch Whisky Experience, pub crawl historique."
edimbourg,ğŸ‘¨â€ğŸ‘©â€ğŸ‘§,Famille,"Juillet-aoÃ»t â€” Dynamic Earth, zoo d'Ã‰dimbourg, Fringe festival."
edimbourg,ğŸ’°,Budget,"Novembre-mars â€” hÃ´tels souvent moins chers, musÃ©es gratuits, marchÃ©s de NoÃ«l."
florence,ğŸ›ï¸,Renaissance & musÃ©es,"Mars-mai ou septembre-octobre â€” Offices, David, sans chaleur ni files interminables."
florence,ğŸ·,Chianti & vignobles,"Septembre-octobre â€” vendanges, route du Chianti, dÃ©gustations."
florence,ğŸ¥¾,Collines toscanes,"Avril-mai ou octobre â€” Fiesole, San Miniato, vues sur Florence."
florence,ğŸ½ï¸,Gastronomie,"Toute l'annÃ©e â€” bistecca fiorentina, lampredotto, gelato, mercato centrale."
florence,ğŸ‘¨â€ğŸ‘©â€ğŸ‘§,Famille,"Juin ou septembre â€” Boboli, Palazzo Vecchio Kids, moins chaud."
florence,ğŸ’°,Budget,"Novembre-mars â€” hÃ´tels accessibles, musÃ©es moins frÃ©quentÃ©s."
fuerteventura,ğŸ–ï¸,Plage & kitesurf,"Juin-aoÃ»t â€” Corralejo, Sotavento, vent rÃ©gulier idÃ©al pour sports nautiques."
fuerteventura,ğŸŒŠ,Surf,"Novembre-mars â€” houle atlantique, spots de Majanicho et El Hierro."
fuerteventura,ğŸ ,PlongÃ©e,"Toute l'annÃ©e â€” eau claire 20-25Â°C, tortues marines et raies."
fuerteventura,ğŸ‘¨â€ğŸ‘©â€ğŸ‘§,Famille,"Avril-juin â€” chaleur modÃ©rÃ©e, plages immenses et peu frÃ©quentÃ©es."
fuerteventura,ğŸ’°,Budget,"Novembre-mars â€” tarifs basse saison, plages dÃ©sertes, soleil garanti."
fuerteventura,ğŸ¥¾,RandonnÃ©e,"Octobre-mars â€” JandÃ­a, dunes de Corralejo, tempÃ©ratures douces."
goa,ğŸ–ï¸,Plage,"Novembre-mars â€” Anjuna, Palolem, Vagator â€” saison sÃ¨che et mer calme."
goa,ğŸ‰,FÃªtes & vie nocturne,"DÃ©cembre-janvier â€” NoÃ«l, Nouvel An, ambiance animÃ©e sur South Goa."
goa,ğŸ›ï¸,Architecture portugaise,"Novembre-mars â€” Old Goa, Basilique Bom Jesus, visite sans humiditÃ©."
goa,ğŸ‘¨â€ğŸ‘©â€ğŸ‘§,Famille,"DÃ©cembre-fÃ©vrier â€” mer calme, hÃ´tels familiaux, tempÃ©ratures idÃ©ales."
goa,ğŸ¤¿,PlongÃ©e & snorkeling,"Octobre-mai â€” visibilitÃ© optimale, poissons tropicaux, coraux."
goa,ğŸ’°,Budget,"Octobre-novembre â€” dÃ©but de saison, prix en baisse, plages tranquilles."
gran-canaria,ğŸ–ï¸,Plage & dunes,"Toute l'annÃ©e â€” Maspalomas et ses dunes, Playa del InglÃ©s."
gran-canaria,ğŸšµ,VTT & randonnÃ©e,"Octobre-mai â€” Roque Nublo, Caldera de Tejeda, relief spectaculaire."
gran-canaria,ğŸ¤¿,PlongÃ©e & surf,"Toute l'annÃ©e â€” El CabrÃ³n (dive site de rÃ©fÃ©rence), Pozo Izquierdo (windsurf)."
gran-canaria,ğŸ‘¨â€ğŸ‘©â€ğŸ‘§,Famille,"Toute l'annÃ©e â€” Palmitos Park, Aqua Sur, plages protÃ©gÃ©es."
gran-canaria,ğŸ’°,Budget,"Mai-juin ou septembre â€” moins de touristes, tarifs vols accessibles."
gran-canaria,ğŸŒ¡ï¸,Hiver ensoleillÃ©,"Novembre-mars â€” 22Â°C en moyenne, parfait pour fuir l'Europe grise."
hawaii,ğŸ„,Surf & plage,"Avril-octobre â€” Kaanapali, Wailea, houle calme cÃ´tÃ© sud, idÃ©al baignade."
hawaii,ğŸŒ‹,HaleakalÄ & nature,"Toute l'annÃ©e â€” lever de soleil au sommet, parc national accessible."
hawaii,ğŸ³,Baleines Ã  bosse,Janvier-mars â€” migration des baleines dans le Chenal de Maui.
hawaii,ğŸ¤¿,PlongÃ©e & snorkeling,"Avril-octobre â€” Molokini Crater, tortues vertes, eaux cristallines."
hawaii,ğŸ‘¨â€ğŸ‘©â€ğŸ‘§,Famille,"Juin-aoÃ»t â€” vacances scolaires amÃ©ricaines, hÃ©bergements familiaux, plages abritÃ©es."
hawaii,ğŸ’°,Budget,"Septembre-novembre â€” tarifs post-Ã©tÃ©, mÃ©tÃ©o excellente, moins de monde."
hoi-an,ğŸ®,Vieille ville UNESCO,"FÃ©vrier-avril â€” lanternes, maisons marchandes, ambiance douce."
hoi-an,ğŸŒŠ,Plage An Bang,"Mars-septembre â€” plage Ã  5 km de la vieille ville, bars."
hoi-an,ğŸœ,Gastronomie,"Toute l'annÃ©e â€” cao láº§u, bÃ¡nh mÃ¬, White Rose, cours de cuisine."
hoi-an,ğŸš²,VÃ©lo & villages,"FÃ©vrier-avril ou octobre â€” riziÃ¨res, villages de pÃªcheurs, mangroves."
hoi-an,ğŸ‘¨â€ğŸ‘©â€ğŸ‘§,Famille,"FÃ©vrier-mai â€” saison sÃ¨che, activitÃ©s artisanales, lanterne workshop."
hoi-an,ğŸ’°,Budget,"AoÃ»t-octobre â€” saison des pluies, hÃ©bergements -40%."
ibiza,ğŸ‰,FÃªte & clubs,"Juillet-aoÃ»t â€” Amnesia, UshuaÃ¯a, Pacha. Saison ouverte de juin Ã  septembre."
ibiza,ğŸ–ï¸,Calas & plages,"Juin ou octobre â€” Cala Conta, Cala Bassa cristallines et tranquilles."
ibiza,ğŸŒ…,Coucher de soleil,CafÃ© del Mar toute la saison â€” juin reste le plus beau rapport lumiÃ¨re/foule.
ibiza,ğŸ‘¨â€ğŸ‘©â€ğŸ‘§,Famille,"Juin â€” avant la haute saison clubs, plages abordables, prix raisonnables."
ibiza,ğŸ’°,Budget,"Octobre â€” saison clubs terminÃ©e, prix -40%, calas vides, mÃ©tÃ©o estivale."
ile-maurice,ğŸ–ï¸,Plage & lagon,"Juillet-aoÃ»t â€” Belle Mare, Le Morne, Flic en Flac."
ile-maurice,ğŸ¤¿,PlongÃ©e & snorkeling,"Octobre-janvier â€” meilleure visibilitÃ©, coraux vivants."
ile-maurice,ğŸ¬,Dauphins & baleines,Juillet-septembre â€” dauphins spinner sur la cÃ´te ouest.
ile-maurice,ğŸ‘¨â€ğŸ‘©â€ğŸ‘§,Famille,"Juillet â€” alizÃ©s doux, mer calme, resorts familiaux."
ile-maurice,ğŸ¦…,RandonnÃ©e,"Juin-septembre â€” parc national des Gorges, plateau du Grand Bassin."
istanbul,ğŸ•Œ,Culture & mosquÃ©es,"Avril-mai ou septembre â€” Sainte-Sophie, MosquÃ©e Bleue, Topkapi sans chaleur."
istanbul,ğŸ›’,Grand Bazar & Bosphore,"Mai ou septembre â€” shopping, croisiÃ¨re Bosphore, marchÃ©s de KadÄ±kÃ¶y."
istanbul,ğŸŒ·,Festival des tulipes,Avril â€” des millions de tulipes dans les parcs d'Istanbul.
istanbul,ğŸ‘¨â€ğŸ‘©â€ğŸ‘§,Famille,"Juin ou septembre â€” croisiÃ¨res, Miniaturk, aquarium."
istanbul,ğŸ½ï¸,Gastronomie,"Toute l'annÃ©e â€” meze, kebabs, baklava, et une scÃ¨ne restaurant mondiale."
jamaique,ğŸŒŠ,Plage & baignade,"DÃ©cembre-avril â€” mer calme, eau turquoise, sans sargasses."
jamaique,ğŸ›ï¸,Sites historiques,"Novembre ou mars-avril â€” Blue Mountains, Port Royal moins frÃ©quentÃ©s."
jamaique,ğŸ¤¿,PlongÃ©e & snorkeling,Toute l'annÃ©e â€” la pluie n'affecte pas les activitÃ©s sous-marines.
jamaique,ğŸ‘¨â€ğŸ‘©â€ğŸ‘§,Famille,"DÃ©cembre-mars â€” vacances scolaires, mer calme, activitÃ©s variÃ©es."
jamaique,ğŸ’°,Petit budget,"Mai ou novembre â€” mÃ©tÃ©o acceptable, -30-40% sur les hÃ©bergements."
katmandou,ğŸ”ï¸,Trek Himalaya,"Octobre-novembre ou mars-mai â€” Everest Base Camp, Annapurna, vues nettes."
katmandou,ğŸ›•,Temples & culture,"Octobre-mai â€” Boudhanath, Pashupatinath, Durbar Squares."
katmandou,ğŸŒ¡ï¸,Saison sÃ¨che,"Octobre-mai â€” meilleure visibilitÃ©, randonnÃ©es praticables."
katmandou,ğŸ¦…,Wildlife & Chitwan,"FÃ©vrier-mai â€” Parc national de Chitwan, rhinos, tigres."
katmandou,ğŸ‘¨â€ğŸ‘©â€ğŸ‘§,Famille,"Mars-mai â€” tempÃ©ratures douces, festivals de printemps."
katmandou,ğŸ’°,Budget,"Juin-septembre â€” mousson, hÃ©bergements -30%, circuits abordables."
la-havane,ğŸº,Musique & culture,"Toute l'annÃ©e â€” son cubano, salsa, cabarets, Casa de la MÃºsica."
la-havane,ğŸš—,Voitures & architecture,"Novembre-avril â€” saison sÃ¨che, promenades en Chevrolet des annÃ©es 50."
la-havane,ğŸ–ï¸,Plages & Varadero,"Novembre-mai â€” Varadero Ã  2h, eaux turquoise des CaraÃ¯bes."
la-havane,ğŸ¥ƒ,Rhum & gastronomie,"Toute l'annÃ©e â€” Floridita, Bodeguita del Medio, daÃ¯quiri."
la-havane,ğŸ‘¨â€ğŸ‘©â€ğŸ‘§,Famille,"DÃ©cembre-mars â€” saison sÃ¨che, visite culturelle, plages accessibles."
la-havane,ğŸ’°,Budget,"Mai-octobre â€” saison des pluies, tarifs accessibles, moins de touristes."
lanzarote,ğŸŒ‹,Volcans & Timanfaya,"Toute l'annÃ©e â€” Parc national de Timanfaya, paysages lunaires uniques."
lanzarote,ğŸ–ï¸,Plage,"Toute l'annÃ©e â€” Playa Papagayo, Famara (surf), tempÃ©ratures constantes 20-28Â°C."
lanzarote,ğŸšµ,VÃ©lo & randonnÃ©e,"Novembre-avril â€” relief volcanique, routes peu frÃ©quentÃ©es."
lanzarote,ğŸ·,Vins de lave,"Toute l'annÃ©e â€” vignes en creux (zocos) contre le vent, vins uniques."
lanzarote,ğŸ‘¨â€ğŸ‘©â€ğŸ‘§,Famille,"Toute l'annÃ©e â€” Jameos del Agua, Cueva de los Verdes, plages sÃ©curisÃ©es."
lanzarote,ğŸ’°,Budget,"Novembre-mars â€” moins de touristes, vols accessibles depuis l'Europe."
le-cap,ğŸ–ï¸,Plage,"Novembre-mars â€” Clifton Beach, Camps Bay, eaux fraÃ®ches de l'Atlantique."
le-cap,ğŸ·,Route des vins,"Janvier-avril â€” Stellenbosch, Franschhoek, vendanges et dÃ©gustations."
le-cap,ğŸ‹,Baleines & pingouins,"Juillet-novembre â€” baleines franches australes Ã  Hermanus, pingouins Ã  Boulders Beach."
le-cap,ğŸ”ï¸,Table Mountain,"Septembre-avril â€” randonnÃ©es par ciel dÃ©gagÃ©, vues panoramiques sur la ville."
le-cap,ğŸ‘¨â€ğŸ‘©â€ğŸ‘§,Famille,"DÃ©cembre-janvier â€” vacances d'Ã©tÃ© austral, plages accessibles, activitÃ©s variÃ©es."
le-cap,ğŸ’°,Budget,"Mai-aoÃ»t â€” basse saison touristique, hÃ©bergements -30%, cÃ´tÃ© Atlantique ensoleillÃ©."
lisbonne,ğŸ–ï¸,Plage,"Juillet-aoÃ»t â€” Cascais, SetÃºbal, Comporta. Eau Ã  20-22Â°C, brise Nortada rafraÃ®chissante."
lisbonne,ğŸŒŠ,Surf & bodyboard,"Octobre-mars â€” NazarÃ© (vagues gÃ©antes mondiales), Peniche."
lisbonne,ğŸ›ï¸,Culture & fado,"Novembre-mars â€” Lisbonne hors saison, musÃ©es sans file, prix rÃ©duits."
lisbonne,ğŸ‘¨â€ğŸ‘©â€ğŸ‘§,Famille,"Juin ou septembre â€” mer accessible, chaleur agrÃ©able, moins de monde."
lisbonne,ğŸ¥¾,Sintra & ArrÃ¡bida,"Avril-mai ou octobre â€” avant/aprÃ¨s la chaleur, sentiers praticables."
londres,ğŸ›ï¸,MusÃ©es & culture,"Toute l'annÃ©e â€” British Museum, Tate, V&A, tous gratuits."
londres,ğŸŒ¿,Parcs royaux,"Avril-septembre â€” Hyde Park, Regent's Park, Kew Gardens en fleurs."
londres,ğŸ­,ThÃ©Ã¢tre & West End,Toute l'annÃ©e â€” meilleure scÃ¨ne thÃ©Ã¢trale au monde.
londres,ğŸº,Pubs & gastronomie,"Toute l'annÃ©e â€” Borough Market, pubs historiques, Brick Lane."
londres,ğŸ‘¨â€ğŸ‘©â€ğŸ‘§,Famille,"Juillet-aoÃ»t â€” Tower Bridge, Natural History Museum, London Eye."
londres,ğŸ’°,Budget,"Novembre-mars â€” hÃ´tels souvent moins chers, musÃ©es gratuits, marchÃ©s de NoÃ«l."
los-angeles,ğŸ–ï¸,Plage,"Juin-septembre â€” Santa Monica, Venice Beach, Malibu â€” ciel bleu garanti."
los-angeles,ğŸ¬,Hollywood & studios,"Toute l'annÃ©e â€” Universal Studios, Warner Bros, Griffith Observatory."
los-angeles,ğŸŒ®,Gastronomie,"Toute l'annÃ©e â€” food trucks, restaurants fusion, marchÃ©s fermiers de Santa Monica."
los-angeles,ğŸ‘¨â€ğŸ‘©â€ğŸ‘§,Famille,"Juin-aoÃ»t â€” Disneyland, plages, meteorology parfaite pour activitÃ©s en plein air."
los-angeles,ğŸ¥¾,RandonnÃ©e,"Mars-mai ou octobre-novembre â€” Runyon Canyon, Angeles Crest, tempÃ©ratures douces."
los-angeles,ğŸ’°,Budget,"Janvier-mars â€” basse saison touristique, hÃ´tels -30%, musÃ©es moins frÃ©quentÃ©s."
lyon,ğŸ½ï¸,Gastronomie bouchons,"Toute l'annÃ©e â€” capitale mondiale de la gastronomie, bouchons lyonnais."
lyon,ğŸ›ï¸,Vieux-Lyon Renaissance,"Avril-octobre â€” UNESCO, traboules, colline de FourviÃ¨re."
lyon,ğŸ’¡,FÃªte des LumiÃ¨res,"DÃ©cembre â€” 4 nuits de projections monumentales, 2 millions de visiteurs."
lyon,ğŸ¥¾,Beaujolais & vignes,"Septembre-novembre â€” Beaujolais Nouveau, route des vignobles."
lyon,ğŸ‘¨â€ğŸ‘©â€ğŸ‘§,Famille,"Juin-aoÃ»t â€” Parc de la TÃªte d'Or, Confluences, musÃ©e Miniature."
lyon,ğŸ’°,Budget,"Novembre-mars â€” hÃ´tels accessibles, gastronomie reste abordable."
madere,ğŸŒº,Jardins & flores,"Mars-mai â€” Monte Palace, Jardim BotÃ¢nico, anthuriums en fleurs."
madere,ğŸ¥¾,Levadas,Toute l'annÃ©e â€” 2500 km de sentiers longeant les canaux d'irrigation.
madere,ğŸ„,Surf & Jardin,"Novembre-mars â€” Jardim do Mar et Paul do Mar, spot mondial de surf."
madere,ğŸ·,Vins & gastronomie,"Toute l'annÃ©e â€” vin de MadÃ¨re AOC, espada, poncha."
madere,ğŸ‘¨â€ğŸ‘©â€ğŸ‘§,Famille,"Juin-aoÃ»t â€” piscines naturelles de Seixal, toboggans en osier de Monte."
madere,ğŸ’°,Budget,Novembre-mars â€” vol + hÃ´tel plus accessibles qu'en Ã©tÃ©.
majorque,ğŸ–ï¸,Plage & calas,"Juin ou octobre â€” eaux cristallines, calas encore accessibles sans foule."
majorque,ğŸ¥¾,Serra de Tramuntana,"Avril-mai ou octobre â€” UNESCO, sentiers praticables, tempÃ©ratures idÃ©ales."
majorque,ğŸš´,Cyclisme,Mars-mai â€” Majorque est LA destination cyclisme pro d'Europe. TempÃ©ratures idÃ©ales (15-25Â°C).
majorque,ğŸ‘¨â€ğŸ‘©â€ğŸ‘§,Famille,"Juin ou septembre â€” mer chaude (23-26Â°C), chaleur supportable, moins de monde."
majorque,ğŸ’°,Budget,"Mai ou octobre â€” mer encore agrÃ©able, prix 30-40% moins chers qu'en Ã©tÃ©."
malaga,ğŸ–ï¸,Plage Costa del Sol,"Juin-septembre â€” Playa de la Malagueta, La Cala, 300 jours de soleil/an."
malaga,ğŸ¨,Picasso & culture,"Toute l'annÃ©e â€” MusÃ©e Picasso, Centre Pompidou MÃ¡laga, MusÃ©e Carmen Thyssen."
malaga,ğŸ·,Vins & tapas,"Toute l'annÃ©e â€” vin doux de MÃ¡laga, Atarazanas, El Pimpi."
malaga,ğŸ¥¾,Caminito del Rey,"Octobre-mai â€” passerelle spectaculaire, rÃ©servation obligatoire."
malaga,ğŸ‘¨â€ğŸ‘©â€ğŸ‘§,Famille,"Juin ou septembre â€” plage, Bioparc, Aquarium, mer 24Â°C."
malaga,ğŸ’°,Budget,"Novembre-mars â€” hÃ´tels souvent moins chers, soleil quasi permanent."
maldives,ğŸ¤¿,PlongÃ©e & snorkeling,"Janvier-avril â€” visibilitÃ© 30m+, raies manta, requins-baleines."
maldives,ğŸ–ï¸,Plage & lagon,"DÃ©cembre-avril â€” saison sÃ¨che, mer calme, eaux turquoise 28Â°C."
maldives,ğŸ¦ˆ,Requins-baleines,Mars-avril â€” point le plus favorable pour l'observation.
maldives,ğŸ’†,Spa & lune de miel,"Toute l'annÃ©e â€” bungalows sur l'eau, couchers de soleil."
maldives,ğŸ‘¨â€ğŸ‘©â€ğŸ‘§,Famille,"DÃ©cembre-avril â€” mer calme, lagons peu profonds, sÃ©curisÃ©s."
maldives,ğŸ’°,Budget,"Mai-novembre â€” saison des pluies, tarifs -40%, guesthouses locales."
malte,ğŸ–ï¸,Plage & snorkeling,"Juin-septembre â€” Baie de Saint-George, Baie Bleue, Gozo."
malte,ğŸ°,Culture mÃ©diÃ©vale,"Toute l'annÃ©e â€” Mdina, Valletta, hypogÃ©e de Hal Saflieni."
malte,ğŸ›¥ï¸,Comino & grottes,"Mai-septembre â€” Baie Bleue, Grotte bleue de Malte."
malte,ğŸ‘¨â€ğŸ‘©â€ğŸ‘§,Famille,"Juin ou septembre â€” mer Ã  24-26Â°C, sites historiques, animations."
malte,ğŸ’°,Budget,"Novembre ou mars â€” mÃ©tÃ©o correcte, prix -40%, sites sans file."
marrakech,ğŸ•Œ,MÃ©dina & souks,"Octobre-novembre â€” chaleur agrÃ©able, Ã©clairage automnal sur les riads."
marrakech,ğŸ”ï¸,Atlas & dÃ©sert,"Mars-avril ou octobre â€” cols accessibles (Toubkal), randonnÃ©es confortables."
marrakech,ğŸ§˜,Spa & dÃ©tente,"Novembre-dÃ©cembre â€” riads moins chers, ambiance intime."
marrakech,ğŸ‘¨â€ğŸ‘©â€ğŸ‘§,Famille,"Octobre-novembre â€” chaleur agrÃ©able, piscines encore utilisables."
marrakech,ğŸ’°,Budget,"DÃ©cembre-fÃ©vrier â€” le Maroc en hiver est sous-cotÃ© : 18Â°C, riads Ã  -40%."
marseille,â›µ,Calanques & mer,"Juin-septembre â€” kayak, randonnÃ©es Calanques, eaux turquoise."
marseille,ğŸ›ï¸,Culture & patrimoine,"Toute l'annÃ©e â€” MuCEM, Villa MÃ©diterranÃ©e, Vieux-Port animÃ©."
marseille,ğŸŸ,Bouillabaisse & marchÃ©,"Toute l'annÃ©e â€” marchÃ© des Capucins, poissons frais, bouillabaisse authentique."
marseille,ğŸ¥¾,RandonnÃ©e Calanques,"Avril-juin ou septembre-octobre â€” Calanque de Sugiton, Morgiou, Sormiou."
marseille,ğŸ‘¨â€ğŸ‘©â€ğŸ‘§,Famille,"Juin ou septembre â€” plages familiales, Parc national des Calanques."
marseille,ğŸ’°,Budget,"Novembre-mars â€” hors saison, hÃ©bergements accessibles, ville animÃ©e."
miami,ğŸ–ï¸,Plage,"DÃ©cembre-avril â€” South Beach, Miami Beach, mer chaude et soleil."
miami,ğŸ¨,Art Basel & culture,"DÃ©cembre â€” Art Basel Miami Beach, Wynwood Walls, Design District animÃ©."
miami,ğŸŒƒ,Vie nocturne,"Toute l'annÃ©e â€” South Beach clubs, concerts, rooftops de Brickell."
miami,ğŸ‘¨â€ğŸ‘©â€ğŸ‘§,Famille,"DÃ©cembre-mars â€” Everglades, Zoo de Miami, plages calmes."
miami,ğŸ¤¿,PlongÃ©e,"Novembre-avril â€” John Pennekamp Coral Reef, meilleure visibilitÃ©."
miami,ğŸ’°,Budget,"Mai-juin â€” avant les ouragans, prix -35%, plages quasi dÃ©sertes."
minorque,ğŸ‰,SoirÃ©es & clubs,"Juillet-aoÃ»t â€” saison ouverte de juin Ã  septembre, clubs animÃ©s."
minorque,ğŸ–ï¸,Criques & plages,"Juin ou octobre â€” Cala Conta, Cala Bassa cristallines et tranquilles."
minorque,ğŸŒ…,Coucher de soleil,CafÃ© del Mar toute la saison â€” juin offre le meilleur rapport lumiÃ¨re/affluence.
minorque,ğŸ‘¨â€ğŸ‘©â€ğŸ‘§,Famille,"Juin â€” avant la haute saison, plages accessibles, prix raisonnables."
minorque,ğŸ’°,Budget,"Octobre â€” fin de saison, prix -40%, criques dÃ©sertes, mÃ©tÃ©o estivale."
monaco,ğŸï¸,Grand Prix F1,"Mai â€” expÃ©rience unique en sport automobile, rÃ©servations 1 an Ã  l'avance."
monaco,ğŸ°,Casino & vie nocturne,"Toute l'annÃ©e â€” Monte-Carlo, Casino CafÃ© de Paris, hÃ´tels palace."
monaco,ğŸ¥¾,Sentier du Littoral,"Octobre-mai â€” 22 km de Cap Martin Ã  Menton, panoramas mer."
monaco,ğŸ½ï¸,Gastronomie,"Toute l'annÃ©e â€” tables Ã©toilÃ©es, marchÃ© de la Condamine."
monaco,ğŸ‘¨â€ğŸ‘©â€ğŸ‘§,Famille,"Juin-aoÃ»t â€” Jardin Exotique, MusÃ©e ocÃ©anographique, plages."
monaco,ğŸ’°,Budget,"Novembre-mars â€” hors saison, hÃ´tels de la Riviera -30%."
mykonos,ğŸ‰,FÃªte & clubs,"Juillet-aoÃ»t â€” Paradise Beach, clubs jusqu'Ã  l'aube. RÃ©servez 6 mois Ã  l'avance."
mykonos,ğŸ¤¿,PlongÃ©e & excursion DÃ©los,Mai ou octobre â€” site archÃ©ologique de DÃ©los sans foule.
mykonos,ğŸŒ…,Moulins & coucher de soleil,"Septembre â€” lumiÃ¨re ambrÃ©e, moulins sans foule, ambiance de fin de saison."
mykonos,ğŸ‘¨â€ğŸ‘©â€ğŸ‘§,Famille,Juin â€” avant le Meltemi et les clubs de juillet-aoÃ»t.
mykonos,ğŸ’°,Budget,Mai ou octobre â€” Ã®le partiellement ouverte mais prix divisÃ©s par deux.
new-york,ğŸ‚,Automne (foliage),"Octobre â€” Central Park en couleurs, tempÃ©ratures idÃ©ales, Ã©vÃ©nements."
new-york,ğŸ›ï¸,MusÃ©es & culture,"Toute l'annÃ©e â€” MET, MoMA, Brooklyn Museum, concerts Carnegie Hall."
new-york,ğŸŒ¿,Parcs & architecture,"Avril-juin ou septembre â€” Central Park, High Line, Brooklyn Bridge."
new-york,ğŸ„,NoÃ«l Ã  NYC,"DÃ©cembre â€” Rockefeller, skating, marchÃ©s de NoÃ«l, 5th Avenue illuminÃ©e."
new-york,ğŸ‘¨â€ğŸ‘©â€ğŸ‘§,Famille,"Juin-aoÃ»t â€” Coney Island, Bronx Zoo, Natural History Museum."
new-york,ğŸ’°,Budget,"Janvier-fÃ©vrier â€” hÃ´tels souvent moins chers, soldes post-fÃªtes."
nice,ğŸ–ï¸,Promenade & plage,"Juin-septembre â€” Promenade des Anglais, galets, mer 25Â°C."
nice,ğŸ¨,Culture & Riviera,"Toute l'annÃ©e â€” MAMAC, MusÃ©e Matisse, Chagall, marchÃ© du Cours Saleya."
nice,ğŸ½ï¸,Gastronomie niÃ§oise,"Toute l'annÃ©e â€” socca, salade niÃ§oise, pissaladiÃ¨re, pan bagnat."
nice,ğŸŒº,Carnaval,FÃ©vrier â€” l'un des carnavals les plus cÃ©lÃ¨bres au monde.
nice,ğŸ‘¨â€ğŸ‘©â€ğŸ‘§,Famille,"Juin ou septembre â€” plage accessible, Promenade du Paillon, musÃ©es."
nice,ğŸ’°,Budget,"Novembre-mars â€” hÃ´tels souvent moins chers, ville animÃ©e toute l'annÃ©e."
paris,ğŸ—¼,Monuments & culture,"Avril-juin ou septembre-octobre â€” Eiffel, Louvre, Versailles sans foule extrÃªme."
paris,ğŸ½ï¸,Gastronomie,"Toute l'annÃ©e â€” bistrots, marchÃ©s, pÃ¢tisseries, vin naturel."
paris,ğŸŒ¸,Printemps parisien,"Avril-mai â€” cerisiers au TrocadÃ©ro, jardins en fleurs, terrasses."
paris,ğŸ„,NoÃ«l & marchÃ©s,"DÃ©cembre â€” Champs-Ã‰lysÃ©es illuminÃ©s, marchÃ©s de NoÃ«l, patinoires."
paris,ğŸ‘¨â€ğŸ‘©â€ğŸ‘§,Famille,"Juillet-aoÃ»t â€” Disneyland Ã  40 min, grande roue des Tuileries, musÃ©es."
paris,ğŸ’°,Budget,"Janvier-mars â€” hÃ´tels souvent moins chers, musÃ©es accessibles, ventes privÃ©es."
phuket,ğŸ–ï¸,Plage,"Novembre-avril â€” Kata, Karon, Patong, eaux calmes et transparentes."
phuket,ğŸ¤¿,PlongÃ©e & Ã®les Phi Phi,"Novembre-mars â€” Similan Islands, visibilitÃ© 30m+, requins-baleines."
phuket,ğŸ›•,Temples & culture,"Toute l'annÃ©e â€” Big Buddha, Wat Chalong, Old Town de Phuket."
phuket,ğŸœ,Street food,"Toute l'annÃ©e â€” marchÃ©s nocturnes, cours de cuisine thaÃ¯."
phuket,ğŸ‘¨â€ğŸ‘©â€ğŸ‘§,Famille,"DÃ©cembre-mars â€” mer calme, Fantasea, Splash Jungle waterpark."
phuket,ğŸ’°,Budget,"Mai-octobre â€” mousson, hÃ©bergements -40%, moins de touristes."
porto,ğŸ·,Porto & caves Ã  vin,"Toute l'annÃ©e â€” caves de Vila Nova de Gaia, dÃ©gustation, croisiÃ¨res Douro."
porto,ğŸ›ï¸,Librairie Lello & culture,"Octobre-mai â€” Lello, gare SÃ£o Bento, MusÃ©e Serralves."
porto,ğŸš‹,Tramways & azulejos,"Toute l'annÃ©e â€” tramway historique, faÃ§ades d'azulejos, Clerigos."
porto,ğŸ¥¾,RandonnÃ©e Douro,"Septembre-octobre â€” vendanges, train jusqu'Ã  Peso da RÃ©gua."
porto,ğŸ‘¨â€ğŸ‘©â€ğŸ‘§,Famille,"Juin-aoÃ»t â€” plages de Matosinhos Ã  20 min, festivals estivaux."
porto,ğŸ’°,Budget,"Novembre-mars â€” vol + hÃ´tel accessibles, moins cher que Lisbonne."
prague,ğŸ°,ChÃ¢teau & vieille ville,"Avril-mai ou septembre-octobre â€” UNESCO vivant, architecture baroque et gothique."
prague,ğŸº,BiÃ¨re & gastronomie,"Toute l'annÃ©e â€” meilleure biÃ¨re au monde (Pilsner Urquell), gulaÅ¡."
prague,ğŸ„,MarchÃ©s de NoÃ«l,"DÃ©cembre â€” Place de la Vieille Ville, parmi les plus beaux d'Europe."
prague,ğŸµ,Musique classique,"Toute l'annÃ©e â€” DvoÅ™Ã¡k, Smetana, concerts dans les palais."
prague,ğŸ‘¨â€ğŸ‘©â€ğŸ‘§,Famille,"Juin-aoÃ»t â€” ZOO de Prague, bateaux sur la Vltava, jardins ValdÅ¡tejn."
prague,ğŸ’°,Budget,"Novembre-mars â€” hÃ©bergements -35%, vie moins chÃ¨re que l'Europe Ouest."
provence,ğŸ’œ,Lavande,"Juin-juillet â€” Plateau de Valensole, Abbaye de SÃ©nanque, pic mi-juillet."
provence,ğŸ·,Vignes & rosÃ©,"Septembre-octobre â€” vendanges, route des vins, rosÃ© de Provence AOP."
provence,ğŸ›ï¸,Villages perchÃ©s & antiques,"Avril-mai ou septembre â€” Les Baux, Gordes, Pont du Gard."
provence,ğŸ¥¾,RandonnÃ©e Luberon,"Avril-juin ou septembre â€” Gorges du Verdon, Montagne Sainte-Victoire."
provence,ğŸ‘¨â€ğŸ‘©â€ğŸ‘§,Famille,"Juillet-aoÃ»t â€” marchÃ©s colorÃ©s, lavande, Gorges du Verdon."
provence,ğŸ½ï¸,Gastronomie,"Toute l'annÃ©e â€” tapenade, herbes de Provence, truffes (dÃ©cembre-janvier)."
reunion,ğŸŒ‹,Piton de la Fournaise,"Toute l'annÃ©e â€” l'un des volcans les plus actifs du monde, lave accessible."
reunion,ğŸ¥¾,RandonnÃ©e Cirques,"Mai-novembre â€” Cilaos, Mafate, Salazie, Piton des Neiges."
reunion,ğŸ„,Surf & lagon,"Novembre-avril â€” Saint-Leu, lagon protÃ©gÃ©, vagues de compÃ©tition."
reunion,ğŸ¤¿,PlongÃ©e,"Toute l'annÃ©e â€” requins, tortues, poissons tropicaux."
reunion,ğŸ‘¨â€ğŸ‘©â€ğŸ‘§,Famille,"Juillet-aoÃ»t â€” lagon, cascades, sentiers accessibles."
reunion,ğŸ’°,Budget,"Mai-aoÃ»t â€” hors saison touristique, hÃ©bergements accessibles."
reykjavik,ğŸŒŒ,Aurores borÃ©ales,"Septembre-mars â€” nuits longues, KP index > 2, Ãingvellir idÃ©al."
reykjavik,ğŸŒ‹,Geysers & gÃ©othermie,"Toute l'annÃ©e â€” Golden Circle, Blue Lagoon, geysers de Geysir."
reykjavik,ğŸ³,Observation des baleines,Juin-aoÃ»t â€” baleines Ã  bosse dans la baie de FaxaflÃ³i.
reykjavik,ğŸ§–,Sources chaudes,"Toute l'annÃ©e â€” Sky Lagoon, Reykjadalur, sources naturelles."
reykjavik,ğŸ‘¨â€ğŸ‘©â€ğŸ‘§,Famille,"Juillet-aoÃ»t â€” soleil de minuit, Perlan, balades en Islande verte."
reykjavik,ğŸ’°,Budget,"Novembre-mars â€” vols accessibles, aurores borÃ©ales, Blue Lagoon moins cher."
rhodes,ğŸ–ï¸,Plage,"Juin-septembre â€” Tsambika, Anthony Quinn Bay, Lindos, eau 26Â°C."
rhodes,ğŸ°,Vieille ville mÃ©diÃ©vale,"Avril-mai ou octobre â€” UNESCO, Palais des Grands MaÃ®tres des Chevaliers."
rhodes,ğŸ¦‹,VallÃ©e des papillons,"Juillet-aoÃ»t â€” Petaloudes, phÃ©nomÃ¨ne naturel unique Ã  Rhodes."
rhodes,ğŸ¤¿,PlongÃ©e,"Juin-septembre â€” eaux cristallines, Ã©paves de la Seconde Guerre mondiale."
rhodes,ğŸ‘¨â€ğŸ‘©â€ğŸ‘§,Famille,"Juin ou septembre â€” mer chaude, plages familiales, moins de foule."
rhodes,ğŸ’°,Budget,"Mai ou octobre â€” mer agrÃ©able, prix hÃ©bergements -35%."
rio-de-janeiro,ğŸ‰,Carnaval,"FÃ©vrier-mars â€” SambÃ³dromo, blocos de rua, l'un des plus grands spectacles du monde."
rio-de-janeiro,ğŸ–ï¸,Ipanema & Copacabana,"DÃ©cembre-mars â€” Ã©tÃ© brÃ©silien, plages animÃ©es, volley de plage."
rio-de-janeiro,ğŸ”ï¸,Corcovado & Pain de Sucre,"Toute l'annÃ©e â€” Christ RÃ©dempteur, tÃ©lÃ©phÃ©rique, vues panoramiques."
rio-de-janeiro,ğŸ¥,Musique & samba,"Toute l'annÃ©e â€” Lapa le vendredi soir, Pedra do Sal, clubs de forro."
rio-de-janeiro,ğŸ‘¨â€ğŸ‘©â€ğŸ‘§,Famille,"Juillet-aoÃ»t â€” hiver doux, jardins botaniques, NiterÃ³i."
rio-de-janeiro,ğŸ’°,Budget,"Juillet-septembre â€” hiver brÃ©silien, moins de touristes, tarifs corrects."
riviera-maya,ğŸŒŠ,Plage & baignade,"DÃ©cembre-avril â€” mer calme, eau turquoise, pas de sargasses."
riviera-maya,ğŸ›ï¸,Sites mayas,Novembre ou mars-avril â€” Chichen Itza et Tulum moins bondÃ©s.
riviera-maya,ğŸ¤¿,PlongÃ©e & cÃ©notes,Toute l'annÃ©e â€” la pluie ne gÃªne pas sous l'eau.
riviera-maya,ğŸ‘¨â€ğŸ‘©â€ğŸ‘§,Famille,"DÃ©cembre-mars â€” haute saison scolaire, eau calme, activitÃ©s variÃ©es."
riviera-maya,ğŸ’°,Budget serrÃ©,"Mai ou novembre â€” mÃ©tÃ©o acceptable, -30-40% sur les hÃ©bergements."
rome,ğŸ›ï¸,AntiquitÃ© & Vatican,"Mars-mai ou septembre-octobre â€” ColisÃ©e, Forum, Vatican sans foule excessive."
rome,ğŸ•,Gastronomie,"Toute l'annÃ©e â€” cacio e pepe, carbonara, supplÃ¬, gelato artisanal."
rome,ğŸŒ¸,Printemps romain,"Avril-mai â€” glycines Villa Borghese, azalÃ©es Spanish Steps, tempÃ©ratures idÃ©ales."
rome,ğŸƒ,Marathon de Rome,Mars â€” course dans les rues du centre historique classÃ© UNESCO.
rome,ğŸ‘¨â€ğŸ‘©â€ğŸ‘§,Famille,"Juin ou septembre â€” Villa Borghese, fontaine de Trevi, plage d'Ostie."
rome,ğŸ’°,Budget,"Novembre-mars â€” hÃ´tels souvent moins chers, basiliques gratuites, gastronomie abordable."
santorin,ğŸŒ…,Coucher de soleil Oia,"Mai, juin ou septembre â€” foule modÃ©rÃ©e, lumiÃ¨re parfaite, vent acceptable."
santorin,ğŸ¤¿,PlongÃ©e & snorkeling,"Juillet-aoÃ»t â€” eau Ã  25-26Â°C, visibilitÃ© maximale."
santorin,ğŸ“¸,Photographie,"Septembre â€” lumiÃ¨re ambrÃ©e, terrasses moins bondÃ©es, couchers de soleil exceptionnels."
santorin,ğŸ‘¨â€ğŸ‘©â€ğŸ‘§,Famille,"Juin â€” avant le Meltemi, mer dÃ©jÃ  chaude (23Â°C), moins de monde."
santorin,ğŸš¢,CroisiÃ¨re Cyclades,"Mai ou octobre â€” tempÃ©ratures agrÃ©ables, Ã®les encore/encore ouvertes."
sardaigne,ğŸ–ï¸,Plage,"Juin-septembre â€” Costa Smeralda, Cala GoloritzÃ©, eaux turquoise parmi les plus belles."
sardaigne,ğŸ¥¾,Selvaggio Blu,"Avril-mai ou octobre â€” trek cÃ´tier spectaculaire, rÃ©servÃ© aux initiÃ©s."
sardaigne,ğŸ›ï¸,Nuraghe & archÃ©o,"Avril-mai ou octobre â€” Su Nuraxi (UNESCO), civilisation unique."
sardaigne,ğŸ¤¿,PlongÃ©e,"Juin-septembre â€” Maddalena, Asinara, Ã©paves remarquables."
sardaigne,ğŸ‘¨â€ğŸ‘©â€ğŸ‘§,Famille,"Juin ou septembre â€” plages sÃ©curisÃ©es, eaux calmes, moins de monde."
sardaigne,ğŸ’°,Budget,"Mai ou octobre â€” vols accessibles, hÃ©bergements -40%."
seville,ğŸŒ¸,Feria de Abril,"Avril â€” feria incontournable, flamenco, chevaux, ambiance unique."
seville,ğŸ›ï¸,AlcÃ¡zar & cathÃ©drale,"Mars-mai ou octobre â€” visites sans chaleur Ã©crasante, queue plus courte."
seville,ğŸ·,Gastronomie & tapas,"Toute l'annÃ©e â€” tapas, manzanilla, jamÃ³n ibÃ©rico dans le Barrio Santa Cruz."
seville,ğŸ‘¨â€ğŸ‘©â€ğŸ‘§,Famille,"Avril ou octobre â€” tempÃ©ratures idÃ©ales, Isla MÃ¡gica, parcs accessibles."
seville,ğŸ’°,Budget,"Novembre-mars â€” hÃ´tels -30%, moins de touristes, temps souvent ensoleillÃ©."
seville,ğŸŒ™,SÃ©ville la nuit,"Toute l'annÃ©e â€” tablao de flamenco, promenades en calÃ¨che, Giralda illuminÃ©e."
seychelles,ğŸ¤¿,PlongÃ©e & snorkeling,"Avril-mai ou octobre-novembre â€” mer calme entre les 2 moussons, visibilitÃ© excellente."
seychelles,ğŸ–ï¸,Plage & granit,"Toute l'annÃ©e â€” Anse Source d'Argent, Anse Lazio, rochers granitiques uniques."
seychelles,ğŸ¢,Tortues gÃ©antes,"Toute l'annÃ©e â€” Aldabra (UNESCO), Bird Island, Ã®le Curieuse."
seychelles,ğŸ¦œ,RandonnÃ©e & faune,"Avril-mai ou octobre â€” VallÃ©e de Mai (cocotier de mer), oiseaux endÃ©miques."
seychelles,ğŸ‘¨â€ğŸ‘©â€ğŸ‘§,Famille,"DÃ©cembre-avril â€” mer calme, plages protÃ©gÃ©es, faune accessible."
seychelles,ğŸ’°,Budget,"Mai-juin ou octobre â€” entre-deux saisons, tarifs lÃ©gÃ¨rement infÃ©rieurs."
sicile,ğŸ›ï¸,ArchÃ©ologie,"Avril-mai ou octobre â€” Agrigente, SÃ©linonte, Segeste sans 38Â°C."
sicile,ğŸ–ï¸,Plage,"Juillet-aoÃ»t â€” Scala dei Turchi, San Vito Lo Capo, eaux cristallines."
sicile,ğŸ‹,Gastronomie,"Toute l'annÃ©e â€” arancini, cannoli. Octobre : rÃ©colte des olives."
sicile,ğŸ‘¨â€ğŸ‘©â€ğŸ‘§,Famille,"Juin ou septembre â€” mer chaude, chaleur supportable."
sicile,ğŸ’°,Budget,"Novembre ou mars â€” hors saison, sites sans file."
siem-reap,ğŸ›ï¸,Angkor,"Novembre-mars â€” saison sÃ¨che, lever du soleil sur Angkor Wat, Ta Prohm."
siem-reap,ğŸŒŠ,TonlÃ© Sap,"Octobre-novembre â€” lac gonflÃ©, villages flottants impressionnants."
siem-reap,ğŸ¨,Culture khmÃ¨re,"Toute l'annÃ©e â€” musÃ©e national, spectacles d'Apsara, artisanat local."
siem-reap,ğŸœ,Gastronomie,"Toute l'annÃ©e â€” amok, lok lak, marchÃ© nocturne de Pub Street."
siem-reap,ğŸ‘¨â€ğŸ‘©â€ğŸ‘§,Famille,"DÃ©cembre-mars â€” tempÃ©ratures supportables, Angkor en famille."
siem-reap,ğŸ’°,Budget,"Juin-septembre â€” mousson, hÃ´tels souvent moins chers, temples quasi vides."
singapour,ğŸŒ¿,Gardens by the Bay,"Toute l'annÃ©e â€” Supertrees, Cloud Forest, dÃ´mes climatisÃ©s spectaculaires."
singapour,ğŸœ,Gastronomie hawker,"Toute l'annÃ©e â€” Maxwell Food Centre, Lau Pa Sat, Chilli Crab, laksa."
singapour,ğŸ›ï¸,Shopping,"Toute l'annÃ©e â€” Orchard Road, VivoCity, boutiques duty-free."
singapour,ğŸ›ï¸,Quartiers culturels,"Toute l'annÃ©e â€” Chinatown, Little India, Kampong Glam, Clarke Quay."
singapour,ğŸ‘¨â€ğŸ‘©â€ğŸ‘§,Famille,"Toute l'annÃ©e â€” Universal Studios, Zoo de Singapour, S.E.A. Aquarium."
singapour,ğŸ’°,Budget,Toute l'annÃ©e â€” hawker centers parmi les moins chers d'Asie du Sud-Est.
split,ğŸ–ï¸,Plage & Ã®les,"Juin-septembre â€” Hvar, BraÄ (Zlatni Rat), Vis en ferry depuis Split."
split,ğŸ›ï¸,Palais de DioclÃ©tien,"Avril-mai ou octobre â€” UNESCO vivant, appartements dans les murs antiques."
split,ğŸ¤¿,PlongÃ©e,"Juin-septembre â€” eaux cristallines, Parc national des Kornati."
split,ğŸ¥¾,Montagne Mosor,Avril-mai ou octobre â€” randonnÃ©es Ã  30 min de Split.
split,ğŸ‘¨â€ğŸ‘©â€ğŸ‘§,Famille,"Juin ou septembre â€” mer calme, plages, ferries vers les Ã®les."
split,ğŸ’°,Budget,"Mai ou octobre â€” mer encore agrÃ©able, prix -40% vs juillet."
tenerife,ğŸŒ‹,Teide & randonnÃ©e,"Octobre-mai â€” Parc national du Teide (3718m), ciel Ã©toilÃ© exceptionnel."
tenerife,ğŸ–ï¸,Plage & surf,"Toute l'annÃ©e â€” Las Teresitas (sable du Sahara), El MÃ©dano (windsurf)."
tenerife,ğŸ‹,Observation cÃ©tacÃ©s,"Toute l'annÃ©e â€” baleines pilotes sÃ©dentaires, dauphins communs."
tenerife,ğŸŒ¹,Carnaval,FÃ©vrier â€” 2e plus grand carnaval du monde aprÃ¨s Rio de Janeiro.
tenerife,ğŸ‘¨â€ğŸ‘©â€ğŸ‘§,Famille,"Toute l'annÃ©e â€” Loro Parque, Siam Park (meilleur parc aquatique d'Europe)."
tenerife,ğŸ’°,Budget,"Novembre-mars â€” fuir le froid europÃ©en, vols et hÃ´tels accessibles."
tokyo,ğŸŒ¸,Sakura,"Fin mars-dÃ©but avril â€” Ueno, Chidorigafuchi, Shinjuku Gyoen, spectacle unique."
tokyo,ğŸœ,Gastronomie,"Toute l'annÃ©e â€” plus d'Ã©toiles Michelin que Paris, ramen, sushi, izakaya."
tokyo,ğŸ‚,Koyo (feuillage automne),"Novembre â€” Nikko, Shinjuku Gyoen, Meiji Jingu, couleurs spectaculaires."
tokyo,ğŸ›ï¸,Culture & temples,"Avril-mai ou octobre â€” Senso-ji, Meiji, Shibuya, sans chaleur ni humiditÃ©."
tokyo,ğŸ‘¨â€ğŸ‘©â€ğŸ‘§,Famille,"Avril ou octobre â€” Disneyland Tokyo, teamLab, tempÃ©ratures idÃ©ales."
tokyo,ğŸ’°,Budget,"Janvier-mars â€” hors sakura, hÃ´tels souvent moins chers, yen favorable aux EuropÃ©ens."
toscane,ğŸ·,Oenotourisme,"Septembre-octobre â€” vendanges, couleurs d'automne, dÃ©gustations. Le moment le plus photogÃ©nique de l'annÃ©e dans le Chianti."
toscane,ğŸ›ï¸,Culture & musÃ©es,"Octobre-novembre ou mars-avril â€” Florence moins bondÃ©e, tempÃ©ratures agrÃ©ables."
toscane,ğŸ¥¾,RandonnÃ©e,"Avril-mai ou septembre-octobre â€” avant/aprÃ¨s la chaleur, sentiers praticables."
toscane,ğŸ‘¨â€ğŸ‘©â€ğŸ‘§,Famille,"Juin ou septembre â€” mer accessible (cÃ´te toscane), chaleur supportable."
toscane,ğŸ“¸,Photographie,"Septembre-octobre â€” lumiÃ¨re ambrÃ©e, vignes en couleurs, brumes matinales dans les vallÃ©es."
tulum,ğŸ–ï¸,Plage & cenotes,"DÃ©cembre-avril â€” Playa ParaÃ­so, cenotes cristallins, sans sargasses."
tulum,ğŸ›ï¸,Ruines mayas,"Novembre-mars â€” site archÃ©ologique au lever du soleil, moins de chaleur."
tulum,ğŸ¤¿,PlongÃ©e & cenotes,"Toute l'annÃ©e â€” Sistema Dos Ojos, Gran Cenote, visibilitÃ© exceptionnelle."
tulum,ğŸ‘¨â€ğŸ‘©â€ğŸ‘§,Famille,"DÃ©cembre-mars â€” mer calme, activitÃ©s nature, resorts familiaux."
tulum,ğŸŒ¿,Yoga & bien-Ãªtre,"Toute l'annÃ©e â€” Tulum Pueblo, retraites de yoga, cuisine saine."
tulum,ğŸ’°,Budget,"Mai-juin â€” dÃ©but de saison verte, prix -30%, plages moins frÃ©quentÃ©es."
valence,ğŸ¥˜,Paella & gastronomie,"Toute l'annÃ©e â€” paella authentique (berceau de la paella), marchÃ© central."
valence,ğŸ‰,Las Fallas,"Mars (15-19) â€” l'un des festivals les plus spectaculaires du monde, UNESCO."
valence,ğŸ–ï¸,Plage,"Juin-septembre â€” La Malvarrosa, El Saler, eaux MÃ©diterranÃ©e."
valence,ğŸš²,Parc fluvial & vÃ©lo,"Toute l'annÃ©e â€” Turia riverbed park, rÃ©seau vÃ©lo de 150 km."
valence,ğŸ‘¨â€ğŸ‘©â€ğŸ‘§,Famille,"Juin ou septembre â€” CitÃ© des Arts et Sciences, plage, L'OceanogrÃ fic."
valence,ğŸ’°,Budget,"Novembre-mars â€” hÃ´tels accessibles, 300 jours de soleil/an."
venise,ğŸ›ï¸,Culture & musÃ©es,"Avril ou octobre â€” Biennale, Gallerie dell'Accademia sans la foule d'Ã©tÃ©."
venise,ğŸš¶,Venise secrÃ¨te,"Septembre â€” Dorsoduro, Cannaregio, Castello sans touristes."
venise,ğŸ­,Carnaval,FÃ©vrier â€” unique mais froid (3-10Â°C) et acqua alta frÃ©quente.
venise,ğŸ‘¨â€ğŸ‘©â€ğŸ‘§,Famille,"Juin ou octobre â€” lagune en bateau, Murano (verre), Burano (maisons colorÃ©es)."
venise,ğŸ“¸,Photographie,"Septembre ou octobre â€” lumiÃ¨re dorÃ©e, brumes matinales, gondoles vides."
vienne,ğŸµ,Musique classique,"Toute l'annÃ©e â€” Philharmonique de Vienne, OpÃ©ra d'Ã‰tat, concerts."
vienne,ğŸ›ï¸,Palais & musÃ©es,"Avril-mai ou septembre-octobre â€” SchÃ¶nbrunn, Hofburg, Kunsthistorisches Museum."
vienne,â˜•,CafÃ©s viennois,"Toute l'annÃ©e â€” CafÃ© Central, Schwarzenberg, Sacher, UNESCO immatÃ©riel."
vienne,â„ï¸,MarchÃ©s de NoÃ«l,"DÃ©cembre â€” Rathausplatz, SchÃ¶nbrunn, Belvedere, parmi les plus beaux d'Europe."
vienne,ğŸ‘¨â€ğŸ‘©â€ğŸ‘§,Famille,"Juin-aoÃ»t â€” Prater & grande roue, zoo de SchÃ¶nbrunn, Danube Island."
vienne,ğŸ’°,Budget,"Janvier-mars â€” hÃ´tels souvent moins chers, opÃ©ra accessible, Naschmarkt abordable."
zante,ğŸ¢,Tortues Caretta,Juin-aoÃ»t â€” nidification sur les plages de Gerakas et Sekania (accÃ¨s protÃ©gÃ©).
zante,ğŸ–ï¸,Navagio & plages,"Juin-septembre â€” plage du NaufragÃ© (icÃ´ne mondiale), Blue Caves en bateau."
zante,ğŸ¤¿,PlongÃ©e & grottes,"Juin-septembre â€” Blue Caves, Keri Caves, eaux cristallines."
zante,ğŸ¥¾,RandonnÃ©e,"Avril-mai ou octobre â€” villages montagnards, Bohali, vues sur l'Ã®le."
zante,ğŸ‘¨â€ğŸ‘©â€ğŸ‘§,Famille,"Juin ou septembre â€” mer calme, tortues, plages sÃ©curisÃ©es."
zante,ğŸ’°,Budget,"Mai ou octobre â€” mer agrÃ©able, prix hÃ©bergements -40%."
zanzibar,ğŸ–ï¸,Plage & lagon,"Juin-octobre ou dÃ©cembre-fÃ©vrier â€” Nungwi, Kendwa, Paje, eaux turquoise."
zanzibar,ğŸ¤¿,PlongÃ©e & snorkeling,"Juillet-octobre â€” rÃ©cif corallien, tortues, dauphins Ã  Kizimkazi."
zanzibar,ğŸ›ï¸,Stone Town,"Toute l'annÃ©e â€” UNESCO, culture swahili, spice tours."
zanzibar,ğŸ‹,Baleines & dauphins,Juillet-septembre â€” baleines Ã  bosse migrant depuis l'Antarctique.
zanzibar,ğŸ‘¨â€ğŸ‘©â€ğŸ‘§,Famille,"Juillet-aoÃ»t â€” mer calme, plages de sable blanc, tortues Ã  Nungwi."
zanzibar,ğŸ’°,Budget,"Avril-mai ou novembre â€” entre-deux saisons, hÃ©bergements -30%."
