slug,mois,mois_num,tmin,tmax,rain_pct,precip_mm,sun_h,score,classe,source
agadir,Janvier,1,12,22,1,0,9.5,7.0,rec,open-meteo
agadir,Février,2,13,22,12,0,10.0,7.2,rec,open-meteo
agadir,Mars,3,14,21,19,0,10.5,7.5,rec,open-meteo
agadir,Avril,4,16,23,2,0,11.7,8.4,rec,open-meteo
agadir,Mai,5,16,23,2,0,12.5,8.9,rec,open-meteo
agadir,Juin,6,18,25,1,0,12.5,9.4,rec,open-meteo
agadir,Juillet,7,19,26,0,0,12.2,9.9,rec,open-meteo
agadir,Août,8,19,27,0,0,11.5,10.0,rec,open-meteo
agadir,Septembre,9,18,25,1,0,11.0,8.8,rec,open-meteo
agadir,Octobre,10,18,24,9,0,10.2,8.3,rec,open-meteo
agadir,Novembre,11,16,25,6,0,9.3,7.6,rec,open-meteo
agadir,Décembre,12,12,21,9,0,9.0,7.2,rec,open-meteo
algarve,Janvier,1,10,17,30,0.1,8.7,6.9,mid,open-meteo
algarve,Février,2,11,17,31,0.1,9.5,7.0,rec,open-meteo
algarve,Mars,3,11,18,43,0.5,10.2,7.7,rec,open-meteo
algarve,Avril,4,13,21,27,0,11.8,8.6,rec,open-meteo
algarve,Mai,5,14,24,17,0,13.0,9.3,rec,open-meteo
algarve,Juin,6,17,26,8,0,13.1,10.0,rec,open-meteo
algarve,Juillet,7,18,29,1,0,13.2,10.0,rec,open-meteo
algarve,Août,8,19,29,0,0,12.5,9.9,rec,open-meteo
algarve,Septembre,9,17,26,16,0,11.0,9.9,rec,open-meteo
algarve,Octobre,10,17,24,31,0.2,9.5,8.6,rec,open-meteo
algarve,Novembre,11,14,20,30,0,8.8,7.2,rec,open-meteo
algarve,Décembre,12,10,17,27,0,8.4,4.0,mid,open-meteo
alicante,Janvier,1,10,17,5,0,8.5,7.0,rec,open-meteo
alicante,Février,2,9,17,15,0,9.3,7.2,rec,open-meteo
alicante,Mars,3,11,19,23,0,10.4,7.2,rec,open-meteo
alicante,Avril,4,14,21,11,0,12.0,8.0,rec,open-meteo
alicante,Mai,5,16,23,19,0,12.3,9.2,rec,open-meteo
alicante,Juin,6,21,28,9,0,13.6,10.0,rec,open-meteo
alicante,Juillet,7,24,30,6,0,13.4,10.0,rec,open-meteo
alicante,Août,8,24,31,4,0,12.1,9.4,rec,open-meteo
alicante,Septembre,9,21,28,18,0,11.0,8.9,rec,open-meteo
alicante,Octobre,10,18,25,18,0,9.8,8.6,rec,open-meteo
alicante,Novembre,11,14,21,6,0,8.8,7.8,rec,open-meteo
alicante,Décembre,12,9,17,10,0,8.2,7.4,rec,open-meteo
amalfi,Janvier,1,7,15,44,0.7,8.0,2.2,avoid,open-meteo
amalfi,Février,2,7,15,34,0.1,9.0,6.9,mid,open-meteo
amalfi,Mars,3,9,16,46,0.9,10.1,7.2,rec,open-meteo
amalfi,Avril,4,10,18,46,0.4,11.8,8.3,rec,open-meteo
amalfi,Mai,5,14,22,49,1.0,12.4,9.2,rec,open-meteo
amalfi,Juin,6,19,28,22,0,13.9,10.0,rec,open-meteo
amalfi,Juillet,7,22,32,12,0,13.7,9.5,rec,open-meteo
amalfi,Août,8,22,31,25,0.1,12.2,9.4,rec,open-meteo
amalfi,Septembre,9,19,27,31,0.1,11.0,9.6,rec,open-meteo
amalfi,Octobre,10,16,23,40,0.1,9.6,8.5,rec,open-meteo
amalfi,Novembre,11,11,18,49,0.8,8.3,7.0,rec,open-meteo
amalfi,Décembre,12,8,15,31,0.2,8.0,4.0,mid,open-meteo
amsterdam,Janvier,1,2,7,51,1.1,3.6,0.5,avoid,open-meteo
amsterdam,Février,2,3,9,45,0.7,4.0,1.8,avoid,open-meteo
amsterdam,Mars,3,4,11,39,0.4,8.0,3.9,avoid,open-meteo
amsterdam,Avril,4,6,13,41,0.5,10.9,6.9,mid,open-meteo
amsterdam,Mai,5,10,18,40,0.4,12.9,7.0,rec,open-meteo
amsterdam,Juin,6,13,20,34,0.1,14.2,9.4,rec,open-meteo
amsterdam,Juillet,7,14,21,57,1.6,13.1,9.4,rec,open-meteo
amsterdam,Août,8,14,22,35,0.5,11.9,10.0,rec,open-meteo
amsterdam,Septembre,9,13,20,43,0.6,10.1,7.3,rec,open-meteo
amsterdam,Octobre,10,10,15,54,1.5,6.2,4.0,mid,open-meteo
amsterdam,Novembre,11,6,10,53,1.6,4.2,1.4,avoid,open-meteo
amsterdam,Décembre,12,5,9,39,0.3,1.6,0.5,avoid,open-meteo
bali,Janvier,1,24,29,83,5.1,10.0,4.0,mid,open-meteo
bali,Février,2,24,29,91,8.2,9.6,6.9,mid,open-meteo
bali,Mars,3,24,30,77,3.8,10.9,7.0,rec,open-meteo
bali,Avril,4,24,30,71,2.5,10.9,7.9,rec,open-meteo
bali,Mai,5,24,29,72,3.0,10.7,9.0,rec,open-meteo
bali,Juin,6,24,28,52,1.2,10.8,9.7,rec,open-meteo
bali,Juillet,7,23,27,58,1.5,10.9,10.0,rec,open-meteo
bali,Août,8,22,28,44,0.9,11.0,10.0,rec,open-meteo
bali,Septembre,9,23,29,56,1.3,11.1,9.4,rec,open-meteo
bali,Octobre,10,23,30,54,1.1,11.6,8.5,rec,open-meteo
bali,Novembre,11,24,30,74,2.8,11.6,7.3,rec,open-meteo
bali,Décembre,12,24,30,81,4.2,10.8,6.9,mid,open-meteo
bangkok,Janvier,1,22,33,5,0,10.6,9.9,rec,open-meteo
bangkok,Février,2,25,33,24,0.1,10.9,8.8,rec,open-meteo
bangkok,Mars,3,26,34,26,0.2,11.0,7.5,rec,open-meteo
bangkok,Avril,4,28,36,33,0.2,11.3,7.0,rec,open-meteo
bangkok,Mai,5,27,34,70,3.4,10.1,5.0,mid,open-meteo
bangkok,Juin,6,26,32,82,5.2,9.4,4.2,mid,open-meteo
bangkok,Juillet,7,26,32,94,6.1,7.1,4.0,mid,open-meteo
bangkok,Août,8,26,32,81,5.2,9.3,4.1,mid,open-meteo
bangkok,Septembre,9,25,32,97,8.0,8.1,5.1,mid,open-meteo
bangkok,Octobre,10,25,32,73,5.0,9.3,6.9,mid,open-meteo
bangkok,Novembre,11,24,31,34,0.2,10.2,7.8,rec,open-meteo
bangkok,Décembre,12,24,32,12,0,10.3,10.0,rec,open-meteo
barcelone,Janvier,1,5,15,11,0,8.1,7.0,rec,open-meteo
barcelone,Février,2,6,15,25,0,9.1,7.2,rec,open-meteo
barcelone,Mars,3,9,16,31,0.1,10.1,7.3,rec,open-meteo
barcelone,Avril,4,10,18,22,0,11.9,7.9,rec,open-meteo
barcelone,Mai,5,13,21,33,0.1,12.8,8.7,rec,open-meteo
barcelone,Juin,6,19,26,20,0,13.5,9.6,rec,open-meteo
barcelone,Juillet,7,21,29,24,0,13.6,10.0,rec,open-meteo
barcelone,Août,8,22,30,18,0,12.1,9.4,rec,open-meteo
barcelone,Septembre,9,18,26,33,0.1,10.8,8.4,rec,open-meteo
barcelone,Octobre,10,15,22,32,0.1,9.3,8.2,rec,open-meteo
barcelone,Novembre,11,10,19,18,0,8.5,7.3,rec,open-meteo
barcelone,Décembre,12,6,15,20,0,7.9,7.3,rec,open-meteo
berlin,Janvier,1,0,4,46,0.7,2.2,0.5,avoid,open-meteo
berlin,Février,2,0,8,40,0.2,3.8,3.9,avoid,open-meteo
berlin,Mars,3,2,11,30,0.2,8.1,4.0,mid,open-meteo
berlin,Avril,4,6,14,31,0.1,10.0,6.9,mid,open-meteo
berlin,Mai,5,10,20,22,0,12.9,7.0,rec,open-meteo
berlin,Juin,6,14,24,40,0.3,13.8,10.0,rec,open-meteo
berlin,Juillet,7,15,24,46,0.7,12.6,9.8,rec,open-meteo
berlin,Août,8,15,25,27,0.1,12.2,10.0,rec,open-meteo
berlin,Septembre,9,13,22,19,0,10.5,7.8,rec,open-meteo
berlin,Octobre,10,8,14,41,0.5,6.1,5.4,mid,open-meteo
berlin,Novembre,11,3,8,36,0.3,3.8,3.9,avoid,open-meteo
berlin,Décembre,12,2,5,37,0.2,1.8,1.4,avoid,open-meteo
bordeaux,Janvier,1,5,12,41,0.2,4.7,2.2,avoid,open-meteo
bordeaux,Février,2,4,13,34,0,7.1,6.9,mid,open-meteo
bordeaux,Mars,3,7,15,42,0.5,9.0,7.0,rec,open-meteo
bordeaux,Avril,4,9,18,40,0.4,10.7,8.0,rec,open-meteo
bordeaux,Mai,5,11,21,42,0.6,12.6,8.7,rec,open-meteo
bordeaux,Juin,6,16,26,42,0.6,12.5,9.2,rec,open-meteo
bordeaux,Juillet,7,17,26,27,0.1,12.9,10.0,rec,open-meteo
bordeaux,Août,8,17,27,23,0,12.0,9.9,rec,open-meteo
bordeaux,Septembre,9,14,22,38,0.2,10.4,9.1,rec,open-meteo
bordeaux,Octobre,10,11,20,40,0.2,8.8,8.1,rec,open-meteo
bordeaux,Novembre,11,8,15,48,0.8,6.3,6.5,mid,open-meteo
bordeaux,Décembre,12,6,11,33,0.1,4.8,4.0,mid,open-meteo
bretagne,Janvier,1,2,9,49,0.9,4.5,2.2,avoid,open-meteo
bretagne,Février,2,4,11,33,0.2,5.9,5.4,mid,open-meteo
bretagne,Mars,3,5,13,49,1.0,8.0,6.9,mid,open-meteo
bretagne,Avril,4,7,16,40,0.6,10.4,7.4,rec,open-meteo
bretagne,Mai,5,10,19,40,0.5,12.0,8.2,rec,open-meteo
bretagne,Juin,6,13,24,27,0,13.2,9.4,rec,open-meteo
bretagne,Juillet,7,14,22,40,0.6,11.7,10.0,rec,open-meteo
bretagne,Août,8,15,23,29,0.1,11.6,9.8,rec,open-meteo
bretagne,Septembre,9,13,20,33,0.4,10.2,8.8,rec,open-meteo
bretagne,Octobre,10,10,17,41,0.2,7.9,7.0,rec,open-meteo
bretagne,Novembre,11,7,13,42,0.6,5.0,5.7,mid,open-meteo
bretagne,Décembre,12,6,11,38,0.3,3.8,4.0,mid,open-meteo
buenos-aires,Janvier,1,22,29,22,0,13.1,9.9,rec,open-meteo
buenos-aires,Février,2,22,29,25,0,12.0,9.8,rec,open-meteo
buenos-aires,Mars,3,20,26,33,0.1,10.9,9.3,rec,open-meteo
buenos-aires,Avril,4,15,21,29,0,9.8,8.5,rec,open-meteo
buenos-aires,Mai,5,11,18,22,0,8.2,7.9,rec,open-meteo
buenos-aires,Juin,6,8,15,24,0,8.4,7.3,rec,open-meteo
buenos-aires,Juillet,7,8,14,15,0,8.8,7.0,rec,open-meteo
buenos-aires,Août,8,8,15,20,0,9.5,7.8,rec,open-meteo
buenos-aires,Septembre,9,11,19,16,0,10.2,8.2,rec,open-meteo
buenos-aires,Octobre,10,14,23,23,0,11.6,8.7,rec,open-meteo
buenos-aires,Novembre,11,16,25,32,0,12.7,9.6,rec,open-meteo
buenos-aires,Décembre,12,19,27,28,0,13.0,10.0,rec,open-meteo
tenerife,Janvier,1,1,8,29,0,9.6,4.1,mid,open-meteo
tenerife,Février,2,0,9,29,0,10.3,4.6,mid,open-meteo
tenerife,Mars,3,1,9,24,0,11.0,6.9,mid,open-meteo
tenerife,Avril,4,3,11,21,0,11.9,7.4,rec,open-meteo
tenerife,Mai,5,4,13,18,0,12.4,8.0,rec,open-meteo
tenerife,Juin,6,7,17,10,0,12.8,8.6,rec,open-meteo
tenerife,Juillet,7,12,23,10,0,12.5,10.0,rec,open-meteo
tenerife,Août,8,15,24,23,0,12.0,9.4,rec,open-meteo
tenerife,Septembre,9,7,17,19,0,11.3,8.0,rec,open-meteo
tenerife,Octobre,10,8,16,24,0,10.3,7.0,rec,open-meteo
tenerife,Novembre,11,4,12,26,0,9.8,4.0,mid,open-meteo
tenerife,Décembre,12,1,8,31,0.1,9.5,4.5,mid,open-meteo
cancun,Janvier,1,22,28,48,0.9,10.0,8.2,rec,open-meteo
cancun,Février,2,23,28,31,0.2,10.3,8.8,rec,open-meteo
cancun,Mars,3,24,29,32,0.3,11.2,9.5,rec,open-meteo
cancun,Avril,4,24,30,21,0.1,11.7,10.0,rec,open-meteo
cancun,Mai,5,26,32,26,0.1,12.1,8.3,rec,open-meteo
cancun,Juin,6,25,31,69,3.0,12.2,7.3,rec,open-meteo
cancun,Juillet,7,26,32,65,2.5,12.0,7.4,rec,open-meteo
cancun,Août,8,25,32,80,2.6,11.9,7.0,rec,open-meteo
cancun,Septembre,9,25,32,76,3.4,11.2,7.0,rec,open-meteo
cancun,Octobre,10,24,30,63,2.2,10.7,7.6,rec,open-meteo
cancun,Novembre,11,23,29,58,1.4,10.2,8.4,rec,open-meteo
cancun,Décembre,12,22,28,39,0.6,9.8,8.1,rec,open-meteo
capri,Janvier,1,12,14,43,0.6,8.1,0.5,avoid,open-meteo
capri,Février,2,12,14,28,0,9.0,4.0,mid,open-meteo
capri,Mars,3,12,14,46,0.6,10.4,7.0,rec,open-meteo
capri,Avril,4,14,16,29,0,11.9,8.1,rec,open-meteo
capri,Mai,5,17,19,31,0,12.5,9.2,rec,open-meteo
capri,Juin,6,21,24,16,0,13.9,10.0,rec,open-meteo
capri,Juillet,7,25,27,8,0,13.7,9.8,rec,open-meteo
capri,Août,8,24,27,14,0,12.3,9.7,rec,open-meteo
capri,Septembre,9,23,25,26,0,11.0,9.8,rec,open-meteo
capri,Octobre,10,19,22,34,0,9.7,8.4,rec,open-meteo
capri,Novembre,11,16,18,47,0.7,8.3,6.9,mid,open-meteo
capri,Décembre,12,13,15,31,0.1,8.0,3.9,avoid,open-meteo
corfou,Janvier,1,10,15,48,1.0,8.1,4.0,mid,open-meteo
corfou,Février,2,10,15,26,0,9.4,6.9,mid,open-meteo
corfou,Mars,3,11,16,43,0.5,10.2,7.0,rec,open-meteo
corfou,Avril,4,13,19,32,0.2,11.7,8.0,rec,open-meteo
corfou,Mai,5,16,23,46,0.6,12.8,8.8,rec,open-meteo
corfou,Juin,6,22,30,7,0,13.5,9.9,rec,open-meteo
corfou,Juillet,7,25,33,3,0,13.6,10.0,rec,open-meteo
corfou,Août,8,24,32,10,0,12.6,9.6,rec,open-meteo
corfou,Septembre,9,21,28,30,0,11.0,9.2,rec,open-meteo
corfou,Octobre,10,17,23,30,0,9.7,8.6,rec,open-meteo
corfou,Novembre,11,14,19,54,1.8,8.6,7.1,rec,open-meteo
corfou,Décembre,12,11,15,37,0.1,8.0,6.7,mid,open-meteo
nice,Janvier,1,6,13,23,0,7.8,7.0,rec,open-meteo
nice,Février,2,6,14,20,0,8.9,7.0,rec,open-meteo
nice,Mars,3,8,16,30,0,10.2,7.5,rec,open-meteo
nice,Avril,4,10,18,27,0,11.7,8.1,rec,open-meteo
nice,Mai,5,14,21,33,0,12.7,8.6,rec,open-meteo
nice,Juin,6,18,26,23,0,13.7,9.3,rec,open-meteo
nice,Juillet,7,21,29,4,0,13.6,10.0,rec,open-meteo
nice,Août,8,21,30,9,0,12.9,9.6,rec,open-meteo
nice,Septembre,9,17,25,18,0,11.0,9.1,rec,open-meteo
nice,Octobre,10,14,22,31,0,9.4,8.2,rec,open-meteo
nice,Novembre,11,8,17,22,0,8.3,7.2,rec,open-meteo
nice,Décembre,12,6,14,22,0,7.7,7.1,rec,open-meteo
crete,Janvier,1,1,7,47,0.8,8.7,4.0,mid,open-meteo
crete,Février,2,0,5,55,1.4,8.9,6.9,mid,open-meteo
crete,Mars,3,1,9,41,0.5,10.6,7.1,rec,open-meteo
crete,Avril,4,4,12,38,0.3,11.2,8.8,rec,open-meteo
crete,Mai,5,8,15,46,0.4,12.4,9.8,rec,open-meteo
crete,Juin,6,13,21,11,0,13.2,10.0,rec,open-meteo
crete,Juillet,7,15,24,4,0,13.0,9.8,rec,open-meteo
crete,Août,8,14,23,10,0,12.6,9.7,rec,open-meteo
crete,Septembre,9,12,20,29,0,11.3,9.9,rec,open-meteo
crete,Octobre,10,8,16,25,0,10.0,8.9,rec,open-meteo
crete,Novembre,11,5,12,32,0.1,9.3,7.0,rec,open-meteo
crete,Décembre,12,2,8,48,1.0,8.5,5.4,mid,open-meteo
dubai,Janvier,1,16,24,5,0,9.3,9.3,rec,open-meteo
dubai,Février,2,18,24,8,0,10.1,9.6,rec,open-meteo
dubai,Mars,3,19,28,4,0,11.0,10.0,rec,open-meteo
dubai,Avril,4,21,31,3,0,11.1,8.6,rec,open-meteo
dubai,Mai,5,26,37,1,0,12.0,7.8,rec,open-meteo
dubai,Juin,6,29,38,0,0,12.1,7.4,rec,open-meteo
dubai,Juillet,7,32,41,0,0,11.3,7.1,mid,open-meteo
dubai,Août,8,31,42,0,0,11.1,7.0,mid,open-meteo
dubai,Septembre,9,29,39,0,0,11.0,7.3,mid,open-meteo
dubai,Octobre,10,26,35,1,0,10.1,7.8,rec,open-meteo
dubai,Novembre,11,22,31,2,0,10.0,9.2,rec,open-meteo
dubai,Décembre,12,18,27,3,0,9.5,9.4,rec,open-meteo
dubrovnik,Janvier,1,5,13,46,0.3,7.6,0.5,avoid,open-meteo
dubrovnik,Février,2,5,13,32,0,9.1,3.9,avoid,open-meteo
dubrovnik,Mars,3,8,15,57,1.7,10.0,4.0,mid,open-meteo
dubrovnik,Avril,4,10,18,39,0,11.8,7.0,rec,open-meteo
dubrovnik,Mai,5,14,22,53,1.2,12.8,8.0,rec,open-meteo
dubrovnik,Juin,6,18,28,18,0,13.9,9.5,rec,open-meteo
dubrovnik,Juillet,7,22,31,13,0,13.9,10.0,rec,open-meteo
dubrovnik,Août,8,22,31,19,0,12.5,9.3,rec,open-meteo
dubrovnik,Septembre,9,18,27,26,0,11.0,9.0,rec,open-meteo
dubrovnik,Octobre,10,13,22,35,0.1,9.3,7.8,rec,open-meteo
dubrovnik,Novembre,11,8,16,51,1.2,7.9,6.9,mid,open-meteo
dubrovnik,Décembre,12,5,14,29,0,7.5,3.1,avoid,open-meteo
edimbourg,Janvier,1,2,6,40,0.4,4.0,1.6,avoid,open-meteo
edimbourg,Février,2,3,8,41,0.7,3.7,2.7,avoid,open-meteo
edimbourg,Mars,3,4,9,49,1.0,6.8,3.9,avoid,open-meteo
edimbourg,Avril,4,4,11,47,0.6,9.8,5.8,mid,open-meteo
edimbourg,Mai,5,8,15,32,0.3,11.7,6.9,mid,open-meteo
edimbourg,Juin,6,10,18,37,0.6,13.1,7.0,rec,open-meteo
edimbourg,Juillet,7,12,18,58,1.6,11.5,10.0,rec,open-meteo
edimbourg,Août,8,12,18,45,0.9,11.4,9.7,rec,open-meteo
edimbourg,Septembre,9,10,16,46,0.9,8.5,6.9,mid,open-meteo
edimbourg,Octobre,10,8,12,52,1.1,5.0,4.0,mid,open-meteo
edimbourg,Novembre,11,5,9,41,0.5,4.3,3.6,avoid,open-meteo
edimbourg,Décembre,12,4,8,47,0.8,1.0,0.5,avoid,open-meteo
florence,Janvier,1,4,12,39,0.2,6.1,3.9,avoid,open-meteo
florence,Février,2,4,14,35,0.1,7.5,4.0,mid,open-meteo
florence,Mars,3,7,16,46,0.7,9.9,6.9,mid,open-meteo
florence,Avril,4,8,19,37,0.2,11.6,7.0,rec,open-meteo
florence,Mai,5,12,23,42,0.7,12.5,7.7,rec,open-meteo
florence,Juin,6,16,29,24,0,13.6,10.0,rec,open-meteo
florence,Juillet,7,20,33,22,0,13.6,9.5,rec,open-meteo
florence,Août,8,19,34,22,0,12.7,8.9,rec,open-meteo
florence,Septembre,9,16,26,34,0,10.8,9.1,rec,open-meteo
florence,Octobre,10,13,21,46,0.5,8.9,7.1,rec,open-meteo
florence,Novembre,11,6,16,41,0.2,8.0,4.4,mid,open-meteo
florence,Décembre,12,3,12,34,0,7.1,0.5,avoid,open-meteo
gran-canaria,Janvier,1,6,15,22,0,9.6,7.0,rec,open-meteo
gran-canaria,Février,2,6,15,29,0,10.1,7.1,rec,open-meteo
gran-canaria,Mars,3,6,16,32,0.2,10.8,7.5,rec,open-meteo
gran-canaria,Avril,4,8,18,19,0,11.9,7.9,rec,open-meteo
gran-canaria,Mai,5,9,19,20,0,12.1,8.7,rec,open-meteo
gran-canaria,Juin,6,11,22,17,0,12.4,9.1,rec,open-meteo
gran-canaria,Juillet,7,15,27,0,0,12.1,10.0,rec,open-meteo
gran-canaria,Août,8,18,30,3,0,12.0,9.9,rec,open-meteo
gran-canaria,Septembre,9,12,23,9,0,11.1,9.0,rec,open-meteo
gran-canaria,Octobre,10,12,22,16,0,10.2,8.3,rec,open-meteo
gran-canaria,Novembre,11,10,19,22,0,9.7,7.6,rec,open-meteo
gran-canaria,Décembre,12,6,14,34,0.1,9.5,7.2,rec,open-meteo
hoi-an,Janvier,1,20,24,61,2.6,7.7,7.2,rec,open-meteo
hoi-an,Février,2,21,25,53,1.3,9.3,8.6,rec,open-meteo
hoi-an,Mars,3,22,28,33,0.3,10.4,10.0,rec,open-meteo
hoi-an,Avril,4,25,31,13,0,11.4,9.6,rec,open-meteo
hoi-an,Mai,5,26,32,42,0.6,11.3,8.1,rec,open-meteo
hoi-an,Juin,6,26,35,54,1.1,11.9,7.6,rec,open-meteo
hoi-an,Juillet,7,26,34,54,1.2,11.6,7.4,rec,open-meteo
hoi-an,Août,8,26,35,55,1.2,11.7,7.0,rec,open-meteo
hoi-an,Septembre,9,25,31,81,5.2,10.5,5.9,mid,open-meteo
hoi-an,Octobre,10,24,29,91,9.1,7.9,6.9,mid,open-meteo
hoi-an,Novembre,11,23,27,80,6.2,7.0,6.3,mid,open-meteo
hoi-an,Décembre,12,22,25,88,6.9,5.2,4.0,mid,open-meteo
ibiza,Janvier,1,11,16,10,0,8.4,6.9,mid,open-meteo
ibiza,Février,2,10,16,18,0,9.5,7.0,rec,open-meteo
ibiza,Mars,3,13,18,30,0,10.4,7.7,rec,open-meteo
ibiza,Avril,4,14,20,11,0,12.0,8.6,rec,open-meteo
ibiza,Mai,5,17,23,20,0,12.4,9.5,rec,open-meteo
ibiza,Juin,6,21,28,8,0,13.8,10.0,rec,open-meteo
ibiza,Juillet,7,24,31,8,0,13.5,9.7,rec,open-meteo
ibiza,Août,8,24,31,5,0,12.1,9.6,rec,open-meteo
ibiza,Septembre,9,22,28,26,0,11.0,9.6,rec,open-meteo
ibiza,Octobre,10,20,24,18,0,9.7,9.0,rec,open-meteo
ibiza,Novembre,11,15,20,14,0,8.7,7.3,rec,open-meteo
ibiza,Décembre,12,12,16,17,0,8.2,4.0,mid,open-meteo
ile-maurice,Janvier,1,24,30,75,3.5,12.2,7.2,rec,open-meteo
ile-maurice,Février,2,24,30,72,2.4,11.7,7.0,rec,open-meteo
ile-maurice,Mars,3,24,30,67,2.0,11.2,7.4,rec,open-meteo
ile-maurice,Avril,4,24,29,58,1.4,10.6,9.5,rec,open-meteo
ile-maurice,Mai,5,22,28,38,0.5,10.1,10.0,rec,open-meteo
ile-maurice,Juin,6,21,26,23,0.1,10.0,9.7,rec,open-meteo
ile-maurice,Juillet,7,20,26,22,0.2,10.0,9.9,rec,open-meteo
ile-maurice,Août,8,20,26,27,0.2,10.6,9.9,rec,open-meteo
ile-maurice,Septembre,9,20,27,22,0.2,11.1,10.0,rec,open-meteo
ile-maurice,Octobre,10,21,29,29,0.2,11.8,10.0,rec,open-meteo
ile-maurice,Novembre,11,22,30,58,1.6,12.0,8.8,rec,open-meteo
ile-maurice,Décembre,12,24,30,65,1.6,12.1,7.7,rec,open-meteo
istanbul,Janvier,1,5,11,33,0,7.0,0.5,avoid,open-meteo
istanbul,Février,2,4,9,35,0,8.0,2.0,avoid,open-meteo
istanbul,Mars,3,6,14,39,0.3,8.7,5.5,mid,open-meteo
istanbul,Avril,4,9,18,30,0.1,10.7,7.0,rec,open-meteo
istanbul,Mai,5,13,20,37,0.2,12.4,8.8,rec,open-meteo
istanbul,Juin,6,18,28,12,0,13.9,9.6,rec,open-meteo
istanbul,Juillet,7,21,31,9,0,13.7,10.0,rec,open-meteo
istanbul,Août,8,22,30,10,0,12.3,9.9,rec,open-meteo
istanbul,Septembre,9,18,27,23,0.1,11.3,9.4,rec,open-meteo
istanbul,Octobre,10,13,20,22,0,9.5,7.2,rec,open-meteo
istanbul,Novembre,11,10,17,33,0.1,8.0,3.9,avoid,open-meteo
istanbul,Décembre,12,7,12,42,0.5,5.9,0.6,avoid,open-meteo
katmandou,Janvier,1,5,18,2,0,9.1,7.8,rec,open-meteo
katmandou,Février,2,7,20,9,0,10.1,8.5,rec,open-meteo
katmandou,Mars,3,10,22,35,0.2,11.0,9.0,rec,open-meteo
katmandou,Avril,4,15,27,22,0,11.3,9.6,rec,open-meteo
katmandou,Mai,5,16,27,66,2.9,11.7,8.2,rec,open-meteo
katmandou,Juin,6,20,28,81,6.8,11.8,7.8,rec,open-meteo
katmandou,Juillet,7,20,27,100,15.4,10.0,7.0,rec,open-meteo
katmandou,Août,8,20,27,99,15.5,9.2,7.1,rec,open-meteo
katmandou,Septembre,9,19,27,94,5.3,10.3,7.4,rec,open-meteo
katmandou,Octobre,10,15,24,48,0.9,10.0,8.6,rec,open-meteo
katmandou,Novembre,11,10,21,16,0,9.8,10.0,rec,open-meteo
katmandou,Décembre,12,6,18,3,0,9.2,9.3,rec,open-meteo
la-havane,Janvier,1,20,28,26,0,9.9,9.3,rec,open-meteo
la-havane,Février,2,20,29,20,0,10.5,9.8,rec,open-meteo
la-havane,Mars,3,21,30,27,0.2,11.0,10.0,rec,open-meteo
la-havane,Avril,4,22,31,22,0.1,11.8,9.2,rec,open-meteo
la-havane,Mai,5,23,33,37,0.4,12.5,8.3,rec,open-meteo
la-havane,Juin,6,24,33,69,2.0,12.5,7.3,rec,open-meteo
la-havane,Juillet,7,26,34,54,1.6,12.4,7.3,rec,open-meteo
la-havane,Août,8,25,33,68,2.0,11.8,7.0,rec,open-meteo
la-havane,Septembre,9,25,32,72,3.2,11.0,7.1,rec,open-meteo
la-havane,Octobre,10,24,30,53,1.2,10.6,7.9,rec,open-meteo
la-havane,Novembre,11,22,29,24,0.2,10.0,8.9,rec,open-meteo
la-havane,Décembre,12,21,27,26,0.3,9.7,9.5,rec,open-meteo
lanzarote,Janvier,1,16,20,2,0,9.6,7.0,rec,open-meteo
lanzarote,Février,2,15,20,12,0,10.0,7.0,rec,open-meteo
lanzarote,Mars,3,16,21,15,0,10.8,7.4,rec,open-meteo
lanzarote,Avril,4,17,22,8,0,11.9,8.3,rec,open-meteo
lanzarote,Mai,5,17,23,9,0,12.2,8.8,rec,open-meteo
lanzarote,Juin,6,19,24,3,0,12.4,9.1,rec,open-meteo
lanzarote,Juillet,7,20,26,0,0,12.0,9.9,rec,open-meteo
lanzarote,Août,8,21,27,2,0,12.0,10.0,rec,open-meteo
lanzarote,Septembre,9,20,26,2,0,11.2,9.2,rec,open-meteo
lanzarote,Octobre,10,20,25,5,0,10.4,8.4,rec,open-meteo
lanzarote,Novembre,11,18,24,8,0,9.5,7.7,rec,open-meteo
lanzarote,Décembre,12,16,20,6,0,9.4,7.2,rec,open-meteo
lisbonne,Janvier,1,10,16,33,0.1,8.3,5.5,mid,open-meteo
lisbonne,Février,2,10,17,26,0,9.2,7.0,rec,open-meteo
lisbonne,Mars,3,10,17,40,0.4,10.0,7.5,rec,open-meteo
lisbonne,Avril,4,13,20,29,0,11.8,8.2,rec,open-meteo
lisbonne,Mai,5,14,23,9,0,13.0,8.8,rec,open-meteo
lisbonne,Juin,6,17,26,14,0,13.3,9.7,rec,open-meteo
lisbonne,Juillet,7,18,28,3,0,13.3,10.0,rec,open-meteo
lisbonne,Août,8,19,29,0,0,12.4,9.7,rec,open-meteo
lisbonne,Septembre,9,17,26,19,0,11.0,9.5,rec,open-meteo
lisbonne,Octobre,10,16,23,35,0.3,9.3,8.2,rec,open-meteo
lisbonne,Novembre,11,13,19,33,0.1,8.7,6.9,mid,open-meteo
lisbonne,Décembre,12,9,15,28,0,8.3,4.0,mid,open-meteo
londres,Janvier,1,2,8,35,0.1,4.3,1.1,avoid,open-meteo
londres,Février,2,3,10,38,0.2,3.1,2.1,avoid,open-meteo
londres,Mars,3,5,12,46,0.8,6.9,3.9,avoid,open-meteo
londres,Avril,4,6,14,32,0.2,9.6,6.9,mid,open-meteo
londres,Mai,5,9,18,28,0.2,11.6,7.0,rec,open-meteo
londres,Juin,6,12,22,22,0.1,13.5,9.4,rec,open-meteo
londres,Juillet,7,14,22,34,0.6,11.7,10.0,rec,open-meteo
londres,Août,8,14,22,23,0.1,10.9,9.4,rec,open-meteo
londres,Septembre,9,13,19,44,0.4,9.8,7.8,rec,open-meteo
londres,Octobre,10,10,16,40,0.3,6.1,4.0,mid,open-meteo
londres,Novembre,11,6,11,42,0.4,4.8,2.8,avoid,open-meteo
londres,Décembre,12,6,10,34,0.3,1.9,0.5,avoid,open-meteo
lyon,Janvier,1,1,8,39,0.4,4.3,0.5,avoid,open-meteo
lyon,Février,2,2,11,22,0,6.8,5.2,mid,open-meteo
lyon,Mars,3,5,14,41,0.3,9.0,6.9,mid,open-meteo
lyon,Avril,4,7,16,39,0.3,10.9,7.1,rec,open-meteo
lyon,Mai,5,11,20,43,0.6,12.1,7.7,rec,open-meteo
lyon,Juin,6,16,28,34,0.2,13.6,9.2,rec,open-meteo
lyon,Juillet,7,17,27,29,0.1,13.6,10.0,rec,open-meteo
lyon,Août,8,18,29,23,0,12.6,9.8,rec,open-meteo
lyon,Septembre,9,13,22,32,0.2,11.0,8.8,rec,open-meteo
lyon,Octobre,10,10,18,32,0.1,8.0,7.0,rec,open-meteo
lyon,Novembre,11,5,12,37,0.2,6.2,4.0,mid,open-meteo
lyon,Décembre,12,2,8,33,0,4.9,3.9,avoid,open-meteo
madere,Janvier,1,14,19,42,0.5,8.5,7.0,rec,open-meteo
madere,Février,2,13,19,34,0.4,9.5,7.2,rec,open-meteo
madere,Mars,3,14,20,49,1.0,10.4,7.2,rec,open-meteo
madere,Avril,4,15,20,36,0.2,11.7,7.5,rec,open-meteo
madere,Mai,5,16,22,43,0.3,12.1,8.6,rec,open-meteo
madere,Juin,6,17,23,32,0.2,12.6,8.7,rec,open-meteo
madere,Juillet,7,20,26,13,0,12.7,10.0,rec,open-meteo
madere,Août,8,21,28,5,0,12.0,9.9,rec,open-meteo
madere,Septembre,9,19,25,37,0.2,11.1,8.5,rec,open-meteo
madere,Octobre,10,19,24,43,0.6,9.9,8.0,rec,open-meteo
madere,Novembre,11,16,22,31,0.3,9.3,7.3,rec,open-meteo
madere,Décembre,12,14,19,35,0.5,8.3,7.1,rec,open-meteo
majorque,Janvier,1,9,16,19,0,8.2,6.9,mid,open-meteo
majorque,Février,2,8,16,26,0,9.4,7.0,rec,open-meteo
majorque,Mars,3,11,18,29,0,10.4,7.8,rec,open-meteo
majorque,Avril,4,12,21,23,0,11.9,8.7,rec,open-meteo
majorque,Mai,5,15,23,33,0.5,12.6,9.6,rec,open-meteo
majorque,Juin,6,20,30,19,0,13.6,10.0,rec,open-meteo
majorque,Juillet,7,23,32,11,0,13.6,9.5,rec,open-meteo
majorque,Août,8,23,32,9,0,12.2,9.3,rec,open-meteo
majorque,Septembre,9,20,27,27,0.1,10.9,9.6,rec,open-meteo
majorque,Octobre,10,17,24,24,0.1,9.7,8.6,rec,open-meteo
majorque,Novembre,11,13,20,19,0,8.7,7.2,rec,open-meteo
majorque,Décembre,12,9,16,22,0,8.2,4.0,mid,open-meteo
malaga,Janvier,1,10,17,17,0,8.8,7.0,rec,open-meteo
malaga,Février,2,10,18,15,0,9.3,7.1,rec,open-meteo
malaga,Mars,3,12,19,34,0,10.6,7.3,rec,open-meteo
malaga,Avril,4,14,22,13,0,11.8,8.0,rec,open-meteo
malaga,Mai,5,16,25,14,0,12.8,9.2,rec,open-meteo
malaga,Juin,6,20,29,10,0,13.2,10.0,rec,open-meteo
malaga,Juillet,7,23,31,3,0,13.0,9.6,rec,open-meteo
malaga,Août,8,24,31,3,0,12.6,9.3,rec,open-meteo
malaga,Septembre,9,20,28,14,0,11.1,9.3,rec,open-meteo
malaga,Octobre,10,18,26,26,0,10.0,8.4,rec,open-meteo
malaga,Novembre,11,14,21,12,0,9.0,7.7,rec,open-meteo
malaga,Décembre,12,9,17,23,0,8.6,7.3,rec,open-meteo
maldives,Janvier,1,26,28,54,1.4,10.9,9.9,rec,open-meteo
maldives,Février,2,27,28,32,0.4,11.1,10.0,rec,open-meteo
maldives,Mars,3,27,29,47,0.9,11.2,9.5,rec,open-meteo
maldives,Avril,4,27,30,59,2.1,11.5,8.3,rec,open-meteo
maldives,Mai,5,27,30,69,3.9,10.8,7.0,rec,open-meteo
maldives,Juin,6,28,29,37,0.3,11.3,8.8,rec,open-meteo
maldives,Juillet,7,27,29,49,1.0,11.0,8.1,rec,open-meteo
maldives,Août,8,27,29,46,0.7,11.1,8.2,rec,open-meteo
maldives,Septembre,9,27,29,56,1.6,10.8,8.2,rec,open-meteo
maldives,Octobre,10,27,29,51,1.3,11.0,8.3,rec,open-meteo
maldives,Novembre,11,26,28,63,6.5,10.7,7.4,rec,open-meteo
maldives,Décembre,12,27,29,52,1.2,10.9,8.2,rec,open-meteo
malte,Janvier,1,13,17,25,0.1,8.7,4.0,mid,open-meteo
malte,Février,2,12,16,31,0.1,9.6,7.0,rec,open-meteo
malte,Mars,3,13,18,12,0,10.7,7.8,rec,open-meteo
malte,Avril,4,14,19,19,0,11.9,8.9,rec,open-meteo
malte,Mai,5,18,23,18,0,12.1,9.8,rec,open-meteo
malte,Juin,6,22,29,4,0,13.5,10.0,rec,open-meteo
malte,Juillet,7,24,33,0,0,13.3,9.5,rec,open-meteo
malte,Août,8,25,31,5,0,12.1,9.4,rec,open-meteo
malte,Septembre,9,23,29,12,0,11.2,9.6,rec,open-meteo
malte,Octobre,10,20,26,14,0,10.1,9.0,rec,open-meteo
malte,Novembre,11,17,22,28,0.1,9.0,7.7,rec,open-meteo
malte,Décembre,12,14,18,33,0.4,8.1,6.9,mid,open-meteo
marrakech,Janvier,1,7,22,4,0,9.3,7.0,rec,open-meteo
marrakech,Février,2,8,22,15,0,9.8,7.8,rec,open-meteo
marrakech,Mars,3,10,23,22,0,10.8,8.9,rec,open-meteo
marrakech,Avril,4,14,29,12,0,11.3,10.0,rec,open-meteo
marrakech,Mai,5,15,30,12,0,12.7,9.3,rec,open-meteo
marrakech,Juin,6,18,33,0,0,13.0,8.6,rec,open-meteo
marrakech,Juillet,7,21,39,0,0,12.8,8.2,mid,open-meteo
marrakech,Août,8,23,40,0,0,11.6,8.3,mid,open-meteo
marrakech,Septembre,9,18,32,2,0,11.0,8.6,rec,open-meteo
marrakech,Octobre,10,17,30,12,0,10.3,9.6,rec,open-meteo
marrakech,Novembre,11,12,26,9,0,9.5,8.5,rec,open-meteo
marrakech,Décembre,12,8,21,23,0,9.0,7.0,rec,open-meteo
marseille,Janvier,1,6,12,17,0,7.7,7.0,rec,open-meteo
marseille,Février,2,6,14,28,0,9.0,7.2,rec,open-meteo
marseille,Mars,3,9,15,27,0,10.2,7.7,rec,open-meteo
marseille,Avril,4,11,18,20,0,11.8,8.0,rec,open-meteo
marseille,Mai,5,13,21,23,0,13.0,8.6,rec,open-meteo
marseille,Juin,6,18,26,18,0,13.7,9.5,rec,open-meteo
marseille,Juillet,7,20,29,6,0,13.7,10.0,rec,open-meteo
marseille,Août,8,20,29,5,0,12.7,9.8,rec,open-meteo
marseille,Septembre,9,17,24,18,0,11.0,9.1,rec,open-meteo
marseille,Octobre,10,14,21,28,0,9.4,8.2,rec,open-meteo
marseille,Novembre,11,9,16,29,0,8.3,7.2,rec,open-meteo
marseille,Décembre,12,6,13,22,0,7.6,7.1,rec,open-meteo
monaco,Janvier,1,6,13,24,0,7.8,4.2,mid,open-meteo
monaco,Février,2,6,13,24,0,8.8,6.9,mid,open-meteo
monaco,Mars,3,8,15,30,0,10.2,7.4,rec,open-meteo
monaco,Avril,4,10,17,27,0,11.5,7.7,rec,open-meteo
monaco,Mai,5,13,20,30,0.3,12.9,8.2,rec,open-meteo
monaco,Juin,6,18,25,24,0,13.6,9.2,rec,open-meteo
monaco,Juillet,7,21,28,9,0,13.6,10.0,rec,open-meteo
monaco,Août,8,22,29,14,0,12.8,9.8,rec,open-meteo
monaco,Septembre,9,17,25,21,0,11.0,8.8,rec,open-meteo
monaco,Octobre,10,14,21,28,0,9.3,7.9,rec,open-meteo
monaco,Novembre,11,8,16,20,0,8.3,7.0,rec,open-meteo
monaco,Décembre,12,6,14,23,0,7.7,4.0,mid,open-meteo
mykonos,Janvier,1,11,15,29,0,8.7,4.0,mid,open-meteo
mykonos,Février,2,10,13,22,0,9.0,6.9,mid,open-meteo
mykonos,Mars,3,11,16,23,0,10.7,7.0,rec,open-meteo
mykonos,Avril,4,13,18,19,0,11.7,8.2,rec,open-meteo
mykonos,Mai,5,16,21,15,0,12.8,9.4,rec,open-meteo
mykonos,Juin,6,21,25,3,0,13.4,10.0,rec,open-meteo
mykonos,Juillet,7,24,28,1,0,13.1,9.6,rec,open-meteo
mykonos,Août,8,23,27,1,0,12.7,9.5,rec,open-meteo
mykonos,Septembre,9,21,25,4,0,11.4,9.7,rec,open-meteo
mykonos,Octobre,10,18,22,13,0,10.0,8.7,rec,open-meteo
mykonos,Novembre,11,15,19,26,0,8.8,7.1,rec,open-meteo
mykonos,Décembre,12,12,15,28,0,8.2,5.6,mid,open-meteo
new-york,Janvier,1,-2,6,38,0,7.0,0.5,avoid,open-meteo
new-york,Février,2,-3,6,33,0,8.3,0.9,avoid,open-meteo
new-york,Mars,3,2,11,32,0,10.2,3.9,avoid,open-meteo
new-york,Avril,4,6,16,36,0.1,10.1,6.9,mid,open-meteo
new-york,Mai,5,12,22,33,0,12.4,8.5,rec,open-meteo
new-york,Juin,6,17,27,34,0.2,13.0,10.0,rec,open-meteo
new-york,Juillet,7,22,31,48,0.7,12.7,9.8,rec,open-meteo
new-york,Août,8,18,28,32,0.1,12.0,10.0,rec,open-meteo
new-york,Septembre,9,16,25,31,0,10.9,9.6,rec,open-meteo
new-york,Octobre,10,9,19,17,0,9.7,7.0,rec,open-meteo
new-york,Novembre,11,3,12,23,0,8.3,4.0,mid,open-meteo
new-york,Décembre,12,-2,5,34,0,7.0,1.5,avoid,open-meteo
paris,Janvier,1,1,8,44,0.5,2.9,0.5,avoid,open-meteo
paris,Février,2,3,10,32,0,3.7,4.0,mid,open-meteo
paris,Mars,3,5,13,45,0.9,7.9,6.9,mid,open-meteo
paris,Avril,4,7,16,39,0.5,10.6,7.5,rec,open-meteo
paris,Mai,5,10,19,45,0.4,12.0,8.2,rec,open-meteo
paris,Juin,6,14,25,33,0.1,13.4,9.2,rec,open-meteo
paris,Juillet,7,15,24,43,0.5,11.9,10.0,rec,open-meteo
paris,Août,8,16,25,35,0.5,11.7,9.6,rec,open-meteo
paris,Septembre,9,13,21,37,0.5,9.8,9.0,rec,open-meteo
paris,Octobre,10,10,16,43,0.2,6.3,7.0,rec,open-meteo
paris,Novembre,11,7,12,39,0.3,4.5,4.3,mid,open-meteo
paris,Décembre,12,5,10,31,0.1,1.4,3.9,avoid,open-meteo
phuket,Janvier,1,24,31,37,0.7,10.9,9.2,rec,open-meteo
phuket,Février,2,25,32,26,0.2,10.9,10.0,rec,open-meteo
phuket,Mars,3,25,33,40,0.5,11.0,9.3,rec,open-meteo
phuket,Avril,4,26,33,53,1.2,11.0,7.0,rec,open-meteo
phuket,Mai,5,26,31,81,4.6,10.0,4.5,mid,open-meteo
phuket,Juin,6,26,31,57,1.8,10.1,6.0,mid,open-meteo
phuket,Juillet,7,25,30,63,2.3,10.0,6.9,mid,open-meteo
phuket,Août,8,25,30,74,3.8,10.1,7.4,rec,open-meteo
phuket,Septembre,9,24,30,82,5.8,9.1,4.2,mid,open-meteo
phuket,Octobre,10,24,30,86,6.6,9.6,5.1,mid,open-meteo
phuket,Novembre,11,24,29,84,5.0,9.2,4.0,mid,open-meteo
phuket,Décembre,12,25,30,55,1.3,10.8,8.6,rec,open-meteo
porto,Janvier,1,9,14,46,0.4,7.9,4.0,mid,open-meteo
porto,Février,2,9,15,32,0,8.9,6.0,mid,open-meteo
porto,Mars,3,9,16,55,1.7,9.0,6.9,mid,open-meteo
porto,Avril,4,11,18,34,0.1,11.6,7.0,rec,open-meteo
porto,Mai,5,13,20,33,0,13.0,8.2,rec,open-meteo
porto,Juin,6,16,22,27,0,13.1,8.9,rec,open-meteo
porto,Juillet,7,16,23,12,0,13.4,10.0,rec,open-meteo
porto,Août,8,17,24,6,0,12.5,10.0,rec,open-meteo
porto,Septembre,9,15,22,26,0,10.9,9.0,rec,open-meteo
porto,Octobre,10,15,20,52,1.5,8.4,7.4,rec,open-meteo
porto,Novembre,11,12,17,50,0.9,7.7,6.4,mid,open-meteo
porto,Décembre,12,7,14,41,0.1,8.0,4.7,mid,open-meteo
prague,Janvier,1,-1,4,33,0.4,3.8,0.5,avoid,open-meteo
prague,Février,2,0,8,27,0.1,5.9,3.7,avoid,open-meteo
prague,Mars,3,2,13,30,0.1,8.0,4.0,mid,open-meteo
prague,Avril,4,5,15,36,0.1,10.1,6.9,mid,open-meteo
prague,Mai,5,10,20,33,0.2,12.3,7.0,rec,open-meteo
prague,Juin,6,14,24,37,0.4,13.3,9.4,rec,open-meteo
prague,Juillet,7,16,26,48,1.0,12.4,10.0,rec,open-meteo
prague,Août,8,16,27,34,0.1,12.0,9.6,rec,open-meteo
prague,Septembre,9,12,22,28,0,10.3,8.3,rec,open-meteo
prague,Octobre,10,8,15,40,0.4,6.9,5.7,mid,open-meteo
prague,Novembre,11,2,8,30,0.3,5.1,3.9,avoid,open-meteo
prague,Décembre,12,1,4,29,0.2,3.9,0.7,avoid,open-meteo
provence,Janvier,1,3,11,24,0,7.2,6.9,mid,open-meteo
provence,Février,2,5,13,24,0,8.7,7.2,rec,open-meteo
provence,Mars,3,7,16,33,0,9.8,7.9,rec,open-meteo
provence,Avril,4,9,19,28,0,11.4,8.6,rec,open-meteo
provence,Mai,5,13,22,33,0,13.0,9.4,rec,open-meteo
provence,Juin,6,18,28,23,0,13.8,10.0,rec,open-meteo
provence,Juillet,7,20,31,10,0,13.7,10.0,rec,open-meteo
provence,Août,8,20,32,11,0,12.7,9.9,rec,open-meteo
provence,Septembre,9,15,25,24,0,10.9,9.8,rec,open-meteo
provence,Octobre,10,13,21,34,0,9.0,8.7,rec,open-meteo
provence,Novembre,11,7,14,30,0,8.1,7.0,rec,open-meteo
provence,Décembre,12,4,11,26,0,7.5,4.0,mid,open-meteo
reunion,Janvier,1,14,20,89,7.5,11.2,9.5,rec,open-meteo
reunion,Février,2,14,19,91,4.7,10.8,9.0,rec,open-meteo
reunion,Mars,3,14,19,87,4.6,10.6,9.3,rec,open-meteo
reunion,Avril,4,13,18,73,3.5,10.0,7.7,rec,open-meteo
reunion,Mai,5,11,17,52,1.2,10.0,7.1,rec,open-meteo
reunion,Juin,6,8,15,43,0.7,9.8,4.0,mid,open-meteo
reunion,Juillet,7,7,15,45,0.7,10.1,7.0,rec,open-meteo
reunion,Août,8,7,15,48,0.9,10.5,7.4,rec,open-meteo
reunion,Septembre,9,9,16,46,0.8,10.9,9.1,rec,open-meteo
reunion,Octobre,10,9,18,51,1.1,11.6,10.0,rec,open-meteo
reunion,Novembre,11,11,18,84,4.0,11.2,6.9,mid,open-meteo
reunion,Décembre,12,12,19,86,4.8,11.1,9.3,rec,open-meteo
reykjavik,Janvier,1,-4,1,57,1.8,0.0,0.5,avoid,open-meteo
reykjavik,Février,2,-1,3,69,2.4,2.0,1.0,avoid,open-meteo
reykjavik,Mars,3,-1,4,40,0.6,6.6,1.9,avoid,open-meteo
reykjavik,Avril,4,1,7,49,0.9,8.2,2.5,avoid,open-meteo
reykjavik,Mai,5,5,9,69,2.7,7.3,3.9,avoid,open-meteo
reykjavik,Juin,6,7,11,52,1.1,8.4,4.0,mid,open-meteo
reykjavik,Juillet,7,9,13,45,0.5,8.9,5.9,mid,open-meteo
reykjavik,Août,8,9,13,48,1.0,7.0,6.9,mid,open-meteo
reykjavik,Septembre,9,6,10,56,1.6,6.8,2.8,avoid,open-meteo
reykjavik,Octobre,10,2,6,59,2.5,3.3,1.7,avoid,open-meteo
reykjavik,Novembre,11,0,4,39,0.3,1.6,0.9,avoid,open-meteo
reykjavik,Décembre,12,-2,2,60,3.1,0.0,0.7,avoid,open-meteo
rhodes,Janvier,1,12,17,33,0.2,8.6,7.0,rec,open-meteo
rhodes,Février,2,10,16,16,0,9.5,7.4,rec,open-meteo
rhodes,Mars,3,13,18,18,0,10.7,7.8,rec,open-meteo
rhodes,Avril,4,15,21,22,0,11.8,8.7,rec,open-meteo
rhodes,Mai,5,18,24,16,0,12.3,9.4,rec,open-meteo
rhodes,Juin,6,23,32,3,0,13.7,10.0,rec,open-meteo
rhodes,Juillet,7,26,35,2,0,13.4,9.6,rec,open-meteo
rhodes,Août,8,25,33,0,0,12.4,9.6,rec,open-meteo
rhodes,Septembre,9,24,31,9,0,11.5,9.8,rec,open-meteo
rhodes,Octobre,10,20,26,11,0,10.0,9.3,rec,open-meteo
rhodes,Novembre,11,17,22,26,0,9.0,8.5,rec,open-meteo
rhodes,Décembre,12,13,18,35,0.5,8.2,7.4,rec,open-meteo
rio-de-janeiro,Janvier,1,24,29,55,1.6,11.7,7.7,rec,open-meteo
rio-de-janeiro,Février,2,24,31,38,0.1,11.8,7.0,rec,open-meteo
rio-de-janeiro,Mars,3,24,29,33,0.5,11.3,7.9,rec,open-meteo
rio-de-janeiro,Avril,4,22,27,39,0.4,10.5,8.9,rec,open-meteo
rio-de-janeiro,Mai,5,20,26,16,0,10.0,9.0,rec,open-meteo
rio-de-janeiro,Juin,6,19,26,22,0,9.9,9.2,rec,open-meteo
rio-de-janeiro,Juillet,7,18,24,22,0,10.0,10.0,rec,open-meteo
rio-de-janeiro,Août,8,18,25,23,0,10.0,9.2,rec,open-meteo
rio-de-janeiro,Septembre,9,20,27,23,0,10.8,9.7,rec,open-meteo
rio-de-janeiro,Octobre,10,20,25,44,0.6,10.8,7.8,rec,open-meteo
rio-de-janeiro,Novembre,11,21,27,39,0.3,11.8,7.8,rec,open-meteo
rio-de-janeiro,Décembre,12,23,29,45,0.5,12.4,7.7,rec,open-meteo
riviera-maya,Janvier,1,23,27,44,0.8,10.0,10.0,rec,open-meteo
riviera-maya,Février,2,23,28,26,0.2,10.3,10.0,rec,open-meteo
riviera-maya,Mars,3,25,29,32,0.4,11.3,9.9,rec,open-meteo
riviera-maya,Avril,4,25,30,22,0.1,11.8,9.5,rec,open-meteo
riviera-maya,Mai,5,26,32,28,0.4,12.1,8.4,rec,open-meteo
riviera-maya,Juin,6,26,31,67,2.0,12.1,7.7,rec,open-meteo
riviera-maya,Juillet,7,26,32,46,1.0,12.0,7.6,rec,open-meteo
riviera-maya,Août,8,26,32,57,1.3,11.8,7.2,rec,open-meteo
riviera-maya,Septembre,9,25,32,63,1.8,11.1,7.0,rec,open-meteo
riviera-maya,Octobre,10,24,30,63,1.6,10.7,7.6,rec,open-meteo
riviera-maya,Novembre,11,23,29,43,0.8,10.3,9.1,rec,open-meteo
riviera-maya,Décembre,12,22,28,41,0.7,9.9,9.8,rec,open-meteo
rome,Janvier,1,5,14,31,0.2,7.5,4.0,mid,open-meteo
rome,Février,2,5,15,27,0,9.0,6.5,mid,open-meteo
rome,Mars,3,8,17,42,0.6,10.0,7.0,rec,open-meteo
rome,Avril,4,9,20,32,0.2,11.7,8.0,rec,open-meteo
rome,Mai,5,13,23,47,0.8,12.7,8.7,rec,open-meteo
rome,Juin,6,19,30,24,0,13.9,10.0,rec,open-meteo
rome,Juillet,7,22,35,10,0,13.6,9.8,rec,open-meteo
rome,Août,8,22,34,23,0,12.5,9.3,rec,open-meteo
rome,Septembre,9,18,29,27,0,11.1,9.2,rec,open-meteo
rome,Octobre,10,15,23,39,0,9.6,8.3,rec,open-meteo
rome,Novembre,11,9,18,31,0.1,8.2,6.9,mid,open-meteo
rome,Décembre,12,5,13,23,0,7.9,6.4,mid,open-meteo
santorin,Janvier,1,13,16,25,0.2,8.8,4.0,mid,open-meteo
santorin,Février,2,11,15,22,0,9.1,6.9,mid,open-meteo
santorin,Mars,3,13,17,15,0,10.7,7.0,rec,open-meteo
santorin,Avril,4,14,19,17,0,11.6,8.3,rec,open-meteo
santorin,Mai,5,17,22,18,0,12.6,9.5,rec,open-meteo
santorin,Juin,6,22,28,2,0,13.3,10.0,rec,open-meteo
santorin,Juillet,7,24,30,1,0,13.1,9.4,rec,open-meteo
santorin,Août,8,24,29,2,0,12.6,9.3,rec,open-meteo
santorin,Septembre,9,22,27,3,0,11.5,9.7,rec,open-meteo
santorin,Octobre,10,19,23,5,0,10.0,8.6,rec,open-meteo
santorin,Novembre,11,17,20,13,0,9.0,7.0,rec,open-meteo
santorin,Décembre,12,13,16,32,0.1,8.6,5.2,mid,open-meteo
sardaigne,Janvier,1,6,14,33,0.2,7.9,4.0,mid,open-meteo
sardaigne,Février,2,5,15,27,0,9.2,6.9,mid,open-meteo
sardaigne,Mars,3,7,17,35,0.1,10.5,7.4,rec,open-meteo
sardaigne,Avril,4,8,19,28,0,11.7,8.4,rec,open-meteo
sardaigne,Mai,5,12,23,40,0.3,12.2,9.2,rec,open-meteo
sardaigne,Juin,6,17,32,14,0,13.4,10.0,rec,open-meteo
sardaigne,Juillet,7,20,35,0,0,13.2,9.8,rec,open-meteo
sardaigne,Août,8,20,34,9,0,12.7,9.7,rec,open-meteo
sardaigne,Septembre,9,17,28,19,0,11.1,9.7,rec,open-meteo
sardaigne,Octobre,10,14,24,29,0,9.7,8.9,rec,open-meteo
sardaigne,Novembre,11,10,18,31,0.2,8.5,7.0,rec,open-meteo
sardaigne,Décembre,12,6,14,25,0.1,8.0,5.7,mid,open-meteo
seychelles,Janvier,1,23,25,86,6.3,10.3,7.6,rec,open-meteo
seychelles,Février,2,23,26,73,2.7,11.0,8.8,rec,open-meteo
seychelles,Mars,3,23,26,83,5.5,11.0,10.0,rec,open-meteo
seychelles,Avril,4,24,27,83,4.3,11.1,7.9,rec,open-meteo
seychelles,Mai,5,24,26,73,2.7,10.9,7.7,rec,open-meteo
seychelles,Juin,6,23,26,70,2.2,10.9,7.2,rec,open-meteo
seychelles,Juillet,7,22,24,81,2.9,11.0,7.1,rec,open-meteo
seychelles,Août,8,22,24,95,3.7,11.0,7.2,rec,open-meteo
seychelles,Septembre,9,22,25,97,4.7,11.0,7.0,rec,open-meteo
seychelles,Octobre,10,23,26,73,2.9,11.5,8.3,rec,open-meteo
seychelles,Novembre,11,23,26,81,3.5,11.6,8.6,rec,open-meteo
seychelles,Décembre,12,22,26,94,6.8,10.8,7.2,rec,open-meteo
sicile,Janvier,1,2,12,28,0,8.5,4.0,mid,open-meteo
sicile,Février,2,2,13,34,0.1,9.3,7.0,rec,open-meteo
sicile,Mars,3,5,15,26,0,10.6,7.8,rec,open-meteo
sicile,Avril,4,6,18,20,0,11.9,8.9,rec,open-meteo
sicile,Mai,5,10,22,35,0.2,12.2,10.0,rec,open-meteo
sicile,Juin,6,15,31,16,0,13.7,10.0,rec,open-meteo
sicile,Juillet,7,18,35,1,0,13.5,9.2,rec,open-meteo
sicile,Août,8,18,32,9,0,12.2,9.0,rec,open-meteo
sicile,Septembre,9,14,28,19,0,11.2,9.3,rec,open-meteo
sicile,Octobre,10,11,23,18,0,9.8,9.3,rec,open-meteo
sicile,Novembre,11,7,18,23,0.1,8.8,7.6,rec,open-meteo
sicile,Décembre,12,3,13,20,0,8.1,6.9,mid,open-meteo
siem-reap,Janvier,1,20,30,4,0,10.5,10.0,rec,open-meteo
siem-reap,Février,2,23,32,12,0.1,10.8,9.3,rec,open-meteo
siem-reap,Mars,3,25,34,31,0.1,10.9,7.9,rec,open-meteo
siem-reap,Avril,4,26,35,39,0.6,11.6,7.3,rec,open-meteo
siem-reap,Mai,5,26,33,80,5.4,11.0,6.9,mid,open-meteo
siem-reap,Juin,6,26,32,82,3.8,10.0,7.0,rec,open-meteo
siem-reap,Juillet,7,26,31,92,7.7,8.4,4.0,mid,open-meteo
siem-reap,Août,8,26,32,77,4.0,10.1,4.3,mid,open-meteo
siem-reap,Septembre,9,25,31,94,10.8,8.2,4.4,mid,open-meteo
siem-reap,Octobre,10,24,31,78,5.7,9.6,7.5,rec,open-meteo
siem-reap,Novembre,11,23,31,47,0.5,10.2,8.0,rec,open-meteo
siem-reap,Décembre,12,22,31,15,0,10.1,9.9,rec,open-meteo
singapour,Janvier,1,23,29,89,7.2,9.4,9.3,rec,open-meteo
singapour,Février,2,23,30,67,3.0,10.8,9.9,rec,open-meteo
singapour,Mars,3,24,31,84,4.3,10.7,10.0,rec,open-meteo
singapour,Avril,4,24,31,96,7.8,10.6,7.0,rec,open-meteo
singapour,Mai,5,25,31,85,5.7,10.5,5.2,mid,open-meteo
singapour,Juin,6,25,31,70,4.2,10.6,6.9,mid,open-meteo
singapour,Juillet,7,24,31,72,3.3,10.8,9.9,rec,open-meteo
singapour,Août,8,24,30,85,6.7,10.6,9.6,rec,open-meteo
singapour,Septembre,9,24,31,82,4.3,10.1,9.9,rec,open-meteo
singapour,Octobre,10,24,31,75,6.0,10.1,5.4,mid,open-meteo
singapour,Novembre,11,23,31,91,10.6,9.0,4.0,mid,open-meteo
singapour,Décembre,12,23,30,86,8.7,8.8,5.6,mid,open-meteo
split,Janvier,1,5,12,35,0.1,7.4,2.2,avoid,open-meteo
split,Février,2,5,14,27,0,8.8,5.2,mid,open-meteo
split,Mars,3,8,16,44,0.4,10.0,7.0,rec,open-meteo
split,Avril,4,10,18,30,0.2,12.0,7.8,rec,open-meteo
split,Mai,5,15,22,41,0.4,12.8,8.5,rec,open-meteo
split,Juin,6,19,28,23,0,14.0,10.0,rec,open-meteo
split,Juillet,7,22,32,11,0,14.0,9.8,rec,open-meteo
split,Août,8,22,32,24,0,12.4,9.5,rec,open-meteo
split,Septembre,9,18,27,26,0,10.9,9.4,rec,open-meteo
split,Octobre,10,15,22,31,0,9.2,8.4,rec,open-meteo
split,Novembre,11,8,16,43,0.2,8.0,6.9,mid,open-meteo
split,Décembre,12,5,14,28,0,7.7,4.0,mid,open-meteo
tokyo,Janvier,1,0,10,14,0,8.7,5.2,mid,open-meteo
tokyo,Février,2,1,10,22,0,9.5,4.0,mid,open-meteo
tokyo,Mars,3,5,15,40,0.1,9.5,4.8,mid,open-meteo
tokyo,Avril,4,11,21,41,0.2,9.5,7.7,rec,open-meteo
tokyo,Mai,5,15,23,46,0.5,9.0,10.0,rec,open-meteo
tokyo,Juin,6,19,27,47,0.8,9.7,9.2,rec,open-meteo
tokyo,Juillet,7,25,34,35,0.4,12.0,9.1,rec,open-meteo
tokyo,Août,8,26,34,44,0.6,11.9,8.8,rec,open-meteo
tokyo,Septembre,9,23,31,43,0.5,9.6,9.1,rec,open-meteo
tokyo,Octobre,10,15,23,33,0.2,7.5,8.0,rec,open-meteo
tokyo,Novembre,11,8,16,24,0,9.0,7.0,rec,open-meteo
tokyo,Décembre,12,3,12,16,0,8.7,6.9,mid,open-meteo
toscane,Janvier,1,4,12,39,0.2,6.1,4.4,mid,open-meteo
toscane,Février,2,4,14,35,0.1,7.5,6.9,mid,open-meteo
toscane,Mars,3,7,16,46,0.7,9.9,7.0,rec,open-meteo
toscane,Avril,4,8,19,37,0.2,11.6,8.2,rec,open-meteo
toscane,Mai,5,12,23,42,0.7,12.5,9.5,rec,open-meteo
toscane,Juin,6,17,29,24,0,13.6,9.9,rec,open-meteo
toscane,Juillet,7,20,33,22,0,13.6,9.0,rec,open-meteo
toscane,Août,8,19,34,22,0,12.7,8.8,rec,open-meteo
toscane,Septembre,9,16,26,34,0,10.8,10.0,rec,open-meteo
toscane,Octobre,10,13,22,46,0.5,8.9,8.2,rec,open-meteo
toscane,Novembre,11,6,16,41,0.2,8.0,4.0,mid,open-meteo
toscane,Décembre,12,3,12,34,0,7.1,2.2,avoid,open-meteo
valence,Janvier,1,8,17,10,0,8.3,7.0,rec,open-meteo
valence,Février,2,7,17,11,0,9.2,7.2,rec,open-meteo
valence,Mars,3,10,19,23,0,10.3,7.3,rec,open-meteo
valence,Avril,4,12,21,8,0,11.9,7.8,rec,open-meteo
valence,Mai,5,15,24,19,0,12.5,9.1,rec,open-meteo
valence,Juin,6,20,28,11,0,13.5,10.0,rec,open-meteo
valence,Juillet,7,23,30,9,0,13.4,9.8,rec,open-meteo
valence,Août,8,24,31,2,0,12.1,9.0,rec,open-meteo
valence,Septembre,9,20,28,22,0,10.9,8.7,rec,open-meteo
valence,Octobre,10,17,25,23,0,9.6,8.4,rec,open-meteo
valence,Novembre,11,12,21,12,0,8.6,7.6,rec,open-meteo
valence,Décembre,12,8,16,18,0,8.1,7.1,rec,open-meteo
venise,Janvier,1,2,8,30,0,5.8,0.8,avoid,open-meteo
venise,Février,2,3,10,20,0,8.1,3.9,avoid,open-meteo
venise,Mars,3,6,14,41,0.4,9.0,5.5,mid,open-meteo
venise,Avril,4,9,17,31,0,11.5,7.3,rec,open-meteo
venise,Mai,5,13,21,47,0.7,12.5,8.8,rec,open-meteo
venise,Juin,6,19,27,24,0,13.7,9.6,rec,open-meteo
venise,Juillet,7,21,29,35,0.1,13.4,10.0,rec,open-meteo
venise,Août,8,21,30,25,0,12.5,9.9,rec,open-meteo
venise,Septembre,9,17,25,32,0.1,10.5,9.1,rec,open-meteo
venise,Octobre,10,12,19,34,0.1,8.8,7.0,rec,open-meteo
venise,Novembre,11,4,13,20,0,7.8,3.1,avoid,open-meteo
venise,Décembre,12,2,9,20,0,5.5,0.5,avoid,open-meteo
vienne,Janvier,1,-1,5,25,0.1,3.8,0.5,avoid,open-meteo
vienne,Février,2,2,8,22,0,7.6,4.0,mid,open-meteo
vienne,Mars,3,4,13,24,0,9.0,6.9,mid,open-meteo
vienne,Avril,4,6,16,32,0.1,10.8,7.4,rec,open-meteo
vienne,Mai,5,11,20,35,0.2,12.7,7.9,rec,open-meteo
vienne,Juin,6,15,26,32,0.1,13.5,9.4,rec,open-meteo
vienne,Juillet,7,18,28,33,0.3,13.0,10.0,rec,open-meteo
vienne,Août,8,18,28,28,0.1,12.2,9.9,rec,open-meteo
vienne,Septembre,9,13,24,33,0,10.8,9.0,rec,open-meteo
vienne,Octobre,10,9,16,33,0,8.0,7.0,rec,open-meteo
vienne,Novembre,11,2,9,30,0,5.2,3.9,avoid,open-meteo
vienne,Décembre,12,1,5,30,0,3.3,0.6,avoid,open-meteo
zakynthos,Janvier,1,10,16,39,0.4,8.4,5.5,mid,open-meteo
zakynthos,Février,2,10,16,26,0,9.5,7.2,rec,open-meteo
zakynthos,Mars,3,11,18,35,0.2,10.4,7.4,rec,open-meteo
zakynthos,Avril,4,13,20,24,0.2,11.5,8.7,rec,open-meteo
zakynthos,Mai,5,16,25,24,0.2,12.9,9.3,rec,open-meteo
zakynthos,Juin,6,22,33,9,0,13.2,10.0,rec,open-meteo
zakynthos,Juillet,7,25,36,0,0,13.3,9.7,rec,open-meteo
zakynthos,Août,8,24,34,6,0,12.6,9.7,rec,open-meteo
zakynthos,Septembre,9,21,29,26,0,11.0,9.6,rec,open-meteo
zakynthos,Octobre,10,18,25,25,0,9.9,9.0,rec,open-meteo
zakynthos,Novembre,11,15,20,47,0.8,8.8,7.5,rec,open-meteo
zakynthos,Décembre,12,11,16,34,0.2,8.3,7.0,rec,open-meteo
zanzibar,Janvier,1,26,32,41,0.7,11.3,8.7,rec,open-meteo
zanzibar,Février,2,26,33,46,0.9,11.3,7.7,rec,open-meteo
zanzibar,Mars,3,26,32,61,1.6,11.0,7.0,rec,open-meteo
zanzibar,Avril,4,25,28,91,10.2,9.0,5.5,mid,open-meteo
zanzibar,Mai,5,25,28,66,2.4,10.9,9.0,rec,open-meteo
zanzibar,Juin,6,24,28,60,1.4,10.9,9.9,rec,open-meteo
zanzibar,Juillet,7,23,28,52,1.1,11.0,9.2,rec,open-meteo
zanzibar,Août,8,23,28,51,1.1,11.0,9.2,rec,open-meteo
zanzibar,Septembre,9,24,29,56,1.1,11.1,10.0,rec,open-meteo
zanzibar,Octobre,10,24,30,66,1.5,11.5,9.1,rec,open-meteo
zanzibar,Novembre,11,25,30,77,1.8,11.7,7.6,rec,open-meteo
zanzibar,Décembre,12,25,31,66,1.6,11.4,7.4,rec,open-meteo
barbade,Janvier,1,24,30,60,8.0,6.2,7.2,rec,html-migration
barbade,Février,2,24,30,62,8.4,6.0,7.0,rec,html-migration
barbade,Mars,3,24,30,56,7.2,6.4,7.4,rec,html-migration
barbade,Avril,4,22,28,36,4.2,7.2,9.5,rec,html-migration
barbade,Mai,5,20,26,22,2.4,7.8,10.0,rec,html-migration
barbade,Juin,6,18,24,18,1.8,7.4,9.7,rec,html-migration
barbade,Juillet,7,17,24,16,1.6,7.6,9.9,rec,html-migration
barbade,Août,8,17,24,16,1.6,7.8,9.9,rec,html-migration
barbade,Septembre,9,18,25,18,1.8,7.6,10.0,rec,html-migration
barbade,Octobre,10,20,27,24,2.6,7.4,10.0,rec,html-migration
barbade,Novembre,11,22,29,40,4.8,6.8,8.8,rec,html-migration
barbade,Décembre,12,24,30,52,6.8,6.4,7.7,rec,html-migration
canaries,Janvier,1,15,21,18,1.8,6.8,7.2,rec,html-migration
canaries,Février,2,15,22,16,1.6,7.2,7.7,rec,html-migration
canaries,Mars,3,16,23,14,1.4,7.8,8.2,rec,html-migration
canaries,Avril,4,17,24,10,0.9,8.4,8.7,rec,html-migration
canaries,Mai,5,18,25,6,0.5,9.2,9.2,rec,html-migration
canaries,Juin,6,20,27,4,0.3,10.0,9.9,rec,html-migration
canaries,Juillet,7,22,29,2,0.1,10.6,10.0,rec,html-migration
canaries,Août,8,23,30,2,0.1,10.2,9.6,rec,html-migration
canaries,Septembre,9,22,29,8,0.7,9.0,9.3,rec,html-migration
canaries,Octobre,10,20,26,14,1.4,7.8,8.7,rec,html-migration
canaries,Novembre,11,17,23,18,1.8,6.8,7.7,rec,html-migration
canaries,Décembre,12,15,21,20,2.0,6.4,7.0,rec,html-migration
corse,Janvier,1,6,13,39,2.8,6.8,4.0,mid,html-migration
corse,Février,2,6,14,37,2.9,7.9,7.0,rec,html-migration
corse,Mars,3,7,15,37,2.5,9.3,7.3,rec,html-migration
corse,Avril,4,9,18,32,2.0,10.7,8.2,rec,html-migration
corse,Mai,5,13,22,29,2.5,11.6,9.0,rec,html-migration
corse,Juin,6,17,27,20,1.4,12.9,9.9,rec,html-migration
corse,Juillet,7,20,30,8,0.4,13.3,10.0,rec,html-migration
corse,Août,8,20,30,14,1.1,12.4,9.7,rec,html-migration
corse,Septembre,9,17,26,32,2.8,10.3,9.2,rec,html-migration
corse,Octobre,10,14,22,39,3.6,8.6,8.4,rec,html-migration
corse,Novembre,11,10,17,44,4.3,6.9,7.2,rec,html-migration
corse,Décembre,12,7,14,39,3.7,6.4,6.9,rec,html-migration
costa-rica,Janvier,1,22,26,73,72.1,9.2,8.2,rec,html-migration
costa-rica,Février,2,22,27,70,48.5,9.9,8.8,rec,html-migration
costa-rica,Mars,3,23,28,67,35.6,10.9,9.5,rec,html-migration
costa-rica,Avril,4,24,29,54,38.6,11.4,10.0,rec,html-migration
costa-rica,Mai,5,25,30,77,80.2,11.5,8.3,rec,html-migration
costa-rica,Juin,6,25,30,89,197.8,10.3,7.3,rec,html-migration
costa-rica,Juillet,7,26,31,86,83.9,11.6,7.4,rec,html-migration
costa-rica,Août,8,26,31,90,126.6,11.1,7.0,rec,html-migration
costa-rica,Septembre,9,25,30,94,182.3,10.4,7.0,rec,html-migration
costa-rica,Octobre,10,25,29,88,175.0,9.8,7.6,rec,html-migration
costa-rica,Novembre,11,23,28,79,111.5,9.7,8.4,rec,html-migration
costa-rica,Décembre,12,23,27,79,80.5,9.1,8.1,rec,html-migration
fuerteventura,Janvier,1,15,19,23,5.4,9.2,7.0,rec,html-migration
fuerteventura,Février,2,15,19,25,15.3,9.6,7.0,rec,html-migration
fuerteventura,Mars,3,15,20,28,5.4,10.7,7.4,rec,html-migration
fuerteventura,Avril,4,16,21,20,5.2,11.7,8.3,rec,html-migration
fuerteventura,Mai,5,18,22,17,3.4,12.0,8.8,rec,html-migration
fuerteventura,Juin,6,19,24,19,2.5,12.2,9.1,rec,html-migration
fuerteventura,Juillet,7,20,25,3,0.3,11.9,9.9,rec,html-migration
fuerteventura,Août,8,21,26,4,0.6,11.6,10.0,rec,html-migration
fuerteventura,Septembre,9,21,25,15,7.6,10.9,9.2,rec,html-migration
fuerteventura,Octobre,10,20,25,28,15.9,10.1,8.4,rec,html-migration
fuerteventura,Novembre,11,18,22,29,9.5,9.1,7.7,rec,html-migration
fuerteventura,Décembre,12,17,20,24,6.1,9.0,7.2,rec,html-migration
goa,Janvier,1,25,30,71,73.0,10.3,9.2,rec,html-migration
goa,Février,2,25,31,57,31.2,10.7,10.0,rec,html-migration
goa,Mars,3,26,32,60,49.3,10.8,9.3,rec,html-migration
goa,Avril,4,26,32,86,104.7,10.4,7.0,rec,html-migration
goa,Mai,5,26,30,95,207.7,9.4,4.5,mid,html-migration
goa,Juin,6,26,30,90,194.2,9.0,6.0,rec,html-migration
goa,Juillet,7,26,29,94,189.9,8.9,6.9,rec,html-migration
goa,Août,8,25,29,94,208.7,9.0,7.4,rec,html-migration
goa,Septembre,9,25,29,97,252.8,8.3,4.2,mid,html-migration
goa,Octobre,10,25,29,96,260.5,8.5,5.1,mid,html-migration
goa,Novembre,11,25,29,97,236.7,8.2,4.0,mid,html-migration
goa,Décembre,12,25,29,81,132.3,9.4,8.6,rec,html-migration
hawaii,Janvier,1,15,20,94,508.6,10.1,9.5,rec,html-migration
hawaii,Février,2,15,20,97,480.4,10.1,9.0,rec,html-migration
hawaii,Mars,3,15,20,94,368.3,9.8,9.3,rec,html-migration
hawaii,Avril,4,14,19,95,235.3,9.4,7.7,rec,html-migration
hawaii,Mai,5,11,17,86,83.7,9.7,7.1,rec,html-migration
hawaii,Juin,6,10,15,76,90.7,9.3,4.0,mid,html-migration
hawaii,Juillet,7,9,15,72,48.5,9.6,7.0,rec,html-migration
hawaii,Août,8,9,15,72,57.3,10.2,7.4,rec,html-migration
hawaii,Septembre,9,9,16,71,58.5,10.7,9.1,rec,html-migration
hawaii,Octobre,10,11,17,74,102.5,11.1,10.0,rec,html-migration
hawaii,Novembre,11,12,18,84,180.1,10.9,6.9,rec,html-migration
hawaii,Décembre,12,14,19,94,217.9,11.4,9.3,rec,html-migration
jamaique,Janvier,1,20,28,14,1.2,8.8,10.0,rec,html-migration
jamaique,Février,2,20,29,10,0.8,9.2,10.0,rec,html-migration
jamaique,Mars,3,22,30,8,0.6,9.8,9.9,rec,html-migration
jamaique,Avril,4,23,31,10,0.8,9.6,9.5,rec,html-migration
jamaique,Mai,5,25,32,28,2.8,8.8,8.4,rec,html-migration
jamaique,Juin,6,25,32,42,4.8,7.6,7.7,rec,html-migration
jamaique,Juillet,7,25,32,44,4.6,7.8,7.6,rec,html-migration
jamaique,Août,8,25,32,52,5.6,7.2,7.2,rec,html-migration
jamaique,Septembre,9,25,32,56,6.0,6.8,7.0,rec,html-migration
jamaique,Octobre,10,24,31,48,5.2,7.0,7.6,rec,html-migration
jamaique,Novembre,11,22,29,28,2.6,8.2,9.1,rec,html-migration
jamaique,Décembre,12,20,28,16,1.4,8.4,9.8,rec,html-migration
le-cap,Janvier,1,6,14,35,27.6,9.3,7.0,rec,html-migration
le-cap,Février,2,6,15,41,39.1,9.9,7.1,rec,html-migration
le-cap,Mars,3,7,16,36,35.8,10.8,7.5,rec,html-migration
le-cap,Avril,4,8,18,36,34.9,11.6,7.9,rec,html-migration
le-cap,Mai,5,10,20,21,19.6,12.1,8.7,rec,html-migration
le-cap,Juin,6,12,22,22,13.1,12.3,9.1,rec,html-migration
le-cap,Juillet,7,16,27,2,0.3,12.2,10.0,rec,html-migration
le-cap,Août,8,17,28,10,5.4,11.9,9.9,rec,html-migration
le-cap,Septembre,9,14,24,24,32.3,11.0,9.0,rec,html-migration
le-cap,Octobre,10,12,21,35,44.6,10.1,8.3,rec,html-migration
le-cap,Novembre,11,10,18,40,29.8,9.2,7.6,rec,html-migration
le-cap,Décembre,12,7,15,35,22.9,9.1,7.2,rec,html-migration
los-angeles,Janvier,1,5,13,27,42.5,7.3,7.0,rec,html-migration
los-angeles,Février,2,6,15,37,37.9,8.3,7.2,rec,html-migration
los-angeles,Mars,3,8,16,45,44.9,9.3,7.3,rec,html-migration
los-angeles,Avril,4,10,18,42,69.7,10.5,7.9,rec,html-migration
los-angeles,Mai,5,14,21,42,45.0,12.0,8.7,rec,html-migration
los-angeles,Juin,6,18,26,36,34.8,12.9,9.6,rec,html-migration
los-angeles,Juillet,7,21,28,31,25.3,13.3,10.0,rec,html-migration
los-angeles,Août,8,21,28,45,51.1,11.7,9.4,rec,html-migration
los-angeles,Septembre,9,18,25,62,91.4,9.9,8.4,rec,html-migration
los-angeles,Octobre,10,15,22,51,101.4,8.4,8.2,rec,html-migration
los-angeles,Novembre,11,9,17,43,57.8,7.6,7.3,rec,html-migration
los-angeles,Décembre,12,6,15,26,24.0,7.2,7.3,rec,html-migration
miami,Janvier,1,22,26,73,72.1,9.2,8.2,rec,html-migration
miami,Février,2,22,27,70,48.5,9.9,8.8,rec,html-migration
miami,Mars,3,23,28,67,35.6,10.9,9.5,rec,html-migration
miami,Avril,4,24,29,54,38.6,11.4,10.0,rec,html-migration
miami,Mai,5,25,30,77,80.2,11.5,8.3,rec,html-migration
miami,Juin,6,25,30,89,197.8,10.3,7.3,rec,html-migration
miami,Juillet,7,26,31,86,83.9,11.6,7.4,rec,html-migration
miami,Août,8,26,31,90,126.6,11.1,7.0,rec,html-migration
miami,Septembre,9,25,30,94,182.3,10.4,7.0,rec,html-migration
miami,Octobre,10,25,29,88,175.0,9.8,7.6,rec,html-migration
miami,Novembre,11,23,28,79,111.5,9.7,8.4,rec,html-migration
miami,Décembre,12,23,27,79,80.5,9.1,8.1,rec,html-migration
minorque,Janvier,1,8,15,44,4.4,4.8,6.9,rec,html-migration
minorque,Février,2,9,16,40,4.0,5.8,7.0,rec,html-migration
minorque,Mars,3,10,18,32,3.2,7.0,7.7,rec,html-migration
minorque,Avril,4,12,21,26,2.6,8.4,8.6,rec,html-migration
minorque,Mai,5,16,25,18,1.8,10.0,9.5,rec,html-migration
minorque,Juin,6,20,29,8,0.7,11.0,10.0,rec,html-migration
minorque,Juillet,7,23,32,4,0.3,11.6,9.7,rec,html-migration
minorque,Août,8,24,32,5,0.4,11.0,9.6,rec,html-migration
minorque,Septembre,9,21,29,14,1.4,9.4,9.6,rec,html-migration
minorque,Octobre,10,16,24,22,2.2,7.6,9.0,rec,html-migration
minorque,Novembre,11,12,18,42,4.6,5.4,7.3,rec,html-migration
minorque,Décembre,12,9,15,46,4.8,4.4,4.0,mid,html-migration
seville,Janvier,1,8,16,24,31.8,7.9,7.0,rec,html-migration
seville,Février,2,9,17,30,14.7,8.8,7.2,rec,html-migration
seville,Mars,3,11,18,38,57.1,9.4,7.2,rec,html-migration
seville,Avril,4,13,20,34,39.2,10.6,8.0,rec,html-migration
seville,Mai,5,16,23,25,25.8,12.1,9.2,rec,html-migration
seville,Juin,6,20,27,21,15.1,13.2,10.0,rec,html-migration
seville,Juillet,7,23,30,12,3.2,13.2,10.0,rec,html-migration
seville,Août,8,24,30,23,14.7,12.0,9.4,rec,html-migration
seville,Septembre,9,21,27,40,49.4,10.5,8.9,rec,html-migration
seville,Octobre,10,17,24,33,41.2,9.1,8.6,rec,html-migration
seville,Novembre,11,12,20,30,28.8,8.1,7.8,rec,html-migration
seville,Décembre,12,10,18,23,21.3,7.4,7.4,rec,html-migration
tulum,Janvier,1,22,26,73,72.1,9.2,8.2,rec,html-migration
tulum,Février,2,22,27,70,48.5,9.9,8.8,rec,html-migration
tulum,Mars,3,23,28,67,35.6,10.9,9.5,rec,html-migration
tulum,Avril,4,24,29,54,38.6,11.4,10.0,rec,html-migration
tulum,Mai,5,25,30,77,80.2,11.5,8.3,rec,html-migration
tulum,Juin,6,25,30,89,197.8,10.3,7.3,rec,html-migration
tulum,Juillet,7,26,31,86,83.9,11.6,7.4,rec,html-migration
tulum,Août,8,26,31,90,126.6,11.1,7.0,rec,html-migration
tulum,Septembre,9,25,30,94,182.3,10.4,7.0,rec,html-migration
tulum,Octobre,10,25,29,88,175.0,9.8,7.6,rec,html-migration
tulum,Novembre,11,23,28,79,111.5,9.7,8.4,rec,html-migration
tulum,Décembre,12,23,27,79,80.5,9.1,8.1,rec,html-migration
cote-azur,Janvier,1,6,13,46,4.6,5.0,4.0,mid,html-migration
cote-azur,Février,2,7,14,42,4.2,6.2,6.1,rec,html-migration
cote-azur,Mars,3,9,16,36,3.6,7.4,7.0,rec,html-migration
cote-azur,Avril,4,12,19,28,2.8,8.6,8.0,rec,html-migration
cote-azur,Mai,5,15,23,16,1.6,9.6,9.2,rec,html-migration
cote-azur,Juin,6,19,27,9,0.8,10.8,10.0,rec,html-migration
cote-azur,Juillet,7,22,30,6,0.5,11.4,9.9,rec,html-migration
cote-azur,Août,8,22,30,7,0.6,10.8,9.8,rec,html-migration
cote-azur,Septembre,9,19,27,13,1.2,9.4,9.7,rec,html-migration
cote-azur,Octobre,10,15,22,36,3.6,7.0,8.2,rec,html-migration
cote-azur,Novembre,11,10,16,46,5.0,5.2,6.9,rec,html-migration
cote-azur,Décembre,12,7,13,50,5.4,4.4,2.2,avoid,html-migration
athenes,Janvier,1,6,12,25,2.3,7.1,4.0,mid,open-meteo
athenes,Février,2,6,14,25,1.7,7.8,6.9,mid,open-meteo
athenes,Mars,3,8,16,21,1.5,9.5,7.0,rec,open-meteo
athenes,Avril,4,11,20,20,1.1,10.8,8.4,rec,open-meteo
athenes,Mai,5,16,25,17,1.0,12.0,9.7,rec,open-meteo
athenes,Juin,6,21,30,17,0.9,12.9,9.8,rec,open-meteo
athenes,Juillet,7,23,34,7,0.3,13.1,9.3,rec,open-meteo
athenes,Août,8,23,33,8,0.4,12.6,9.4,rec,open-meteo
athenes,Septembre,9,20,29,10,0.8,10.9,10.0,rec,open-meteo
athenes,Octobre,10,15,23,11,0.8,9.3,9.2,rec,open-meteo
athenes,Novembre,11,11,19,28,2.7,7.6,7.2,rec,open-meteo
athenes,Décembre,12,8,14,29,3.1,6.9,4.7,mid,open-meteo
milan,Janvier,1,0,8,23,1.7,5.5,4.4,mid,open-meteo
milan,Février,2,2,11,30,2.7,6.3,5.0,mid,open-meteo
milan,Mars,3,5,15,30,2.6,8.3,6.9,mid,open-meteo
milan,Avril,4,8,19,30,3.4,10.0,7.8,rec,open-meteo
milan,Mai,5,13,22,54,5.4,10.3,7.7,rec,open-meteo
milan,Juin,6,18,28,35,3.8,12.5,10.0,rec,open-meteo
milan,Juillet,7,20,30,37,3.4,12.7,9.4,rec,open-meteo
milan,Août,8,20,29,34,3.8,11.7,9.6,rec,open-meteo
milan,Septembre,9,16,24,36,4.4,9.7,8.7,rec,open-meteo
milan,Octobre,10,11,19,34,4.1,7.2,7.0,rec,open-meteo
milan,Novembre,11,5,12,38,4.1,5.1,4.3,mid,open-meteo
milan,Décembre,12,1,8,25,2.3,4.6,4.0,mid,open-meteo
naples,Janvier,1,6,13,39,3.0,6.6,4.0,mid,open-meteo
naples,Février,2,6,14,37,3.3,8.0,5.4,mid,open-meteo
naples,Mars,3,8,16,44,3.0,9.1,6.9,mid,open-meteo
naples,Avril,4,10,19,33,2.2,10.7,7.0,rec,open-meteo
naples,Mai,5,14,22,39,2.6,11.4,7.8,rec,open-meteo
naples,Juin,6,19,28,18,1.2,13.2,10.0,rec,open-meteo
naples,Juillet,7,21,30,12,0.7,13.5,9.8,rec,open-meteo
naples,Août,8,22,31,21,1.0,12.2,8.8,rec,open-meteo
naples,Septembre,9,18,27,33,3.8,10.3,8.6,rec,open-meteo
naples,Octobre,10,14,22,35,3.3,8.7,7.4,rec,open-meteo
naples,Novembre,11,11,18,53,6.8,6.7,6.2,mid,open-meteo
naples,Décembre,12,7,14,34,3.5,6.6,5.0,mid,open-meteo
lac-come,Janvier,1,4,10,28,1.9,6.2,4.7,mid,open-meteo
lac-come,Février,2,5,11,30,2.7,6.6,5.2,mid,open-meteo
lac-come,Mars,3,6,14,34,3.4,7.8,6.9,mid,open-meteo
lac-come,Avril,4,9,17,42,4.6,9.4,7.0,rec,open-meteo
lac-come,Mai,5,13,21,59,5.7,9.9,7.6,rec,open-meteo
lac-come,Juin,6,18,26,52,6.3,12.1,9.4,rec,open-meteo
lac-come,Juillet,7,20,28,50,5.4,12.4,9.9,rec,open-meteo
lac-come,Août,8,21,28,43,6.5,11.3,10.0,rec,open-meteo
lac-come,Septembre,9,17,23,48,5.0,9.2,8.5,rec,open-meteo
lac-come,Octobre,10,13,19,42,6.0,6.9,7.1,rec,open-meteo
lac-come,Novembre,11,8,13,41,4.7,5.4,4.0,mid,open-meteo
lac-come,Décembre,12,5,11,24,2.6,5.4,5.2,mid,open-meteo
cinque-terre,Janvier,1,3,9,39,4.6,5.9,4.1,mid,open-meteo
cinque-terre,Février,2,4,10,42,5.1,6.5,4.3,mid,open-meteo
cinque-terre,Mars,3,5,12,39,4.3,8.6,5.6,mid,open-meteo
cinque-terre,Avril,4,7,15,39,3.7,10.2,6.9,mid,open-meteo
cinque-terre,Mai,5,11,18,52,4.8,11.2,7.2,rec,open-meteo
cinque-terre,Juin,6,16,23,35,2.5,12.8,9.2,rec,open-meteo
cinque-terre,Juillet,7,18,26,24,1.6,13.1,10.0,rec,open-meteo
cinque-terre,Août,8,18,27,30,2.9,12.1,9.8,rec,open-meteo
cinque-terre,Septembre,9,15,22,39,4.9,10.2,8.5,rec,open-meteo
cinque-terre,Octobre,10,11,18,40,7.8,7.7,7.0,rec,open-meteo
cinque-terre,Novembre,11,7,13,48,6.6,6.2,4.6,mid,open-meteo
cinque-terre,Décembre,12,4,10,42,5.2,5.3,4.0,mid,open-meteo
madrid,Janvier,1,2,10,22,1.3,6.4,4.0,mid,open-meteo
madrid,Février,2,3,14,19,0.9,7.8,6.6,mid,open-meteo
madrid,Mars,3,5,16,34,2.5,8.6,6.9,mid,open-meteo
madrid,Avril,4,8,19,32,2.2,10.3,7.0,rec,open-meteo
madrid,Mai,5,12,24,23,1.4,12.1,9.3,rec,open-meteo
madrid,Juin,6,17,30,15,0.7,12.8,10.0,rec,open-meteo
madrid,Juillet,7,20,34,2,0.2,13.3,9.5,rec,open-meteo
madrid,Août,8,20,34,5,0.4,12.3,9.1,rec,open-meteo
madrid,Septembre,9,15,27,17,1.7,10.5,9.8,rec,open-meteo
madrid,Octobre,10,11,22,26,2.1,8.3,7.9,rec,open-meteo
madrid,Novembre,11,6,14,28,1.7,6.6,5.1,mid,open-meteo
madrid,Décembre,12,3,11,23,1.5,5.8,4.0,mid,open-meteo
grenade,Janvier,1,3,13,24,1.8,7.9,6.9,mid,open-meteo
grenade,Février,2,5,15,24,1.9,8.8,7.0,rec,open-meteo
grenade,Mars,3,6,17,41,4.3,9.3,7.0,rec,open-meteo
grenade,Avril,4,8,20,31,2.5,10.7,8.2,rec,open-meteo
grenade,Mai,5,12,25,20,1.4,12.2,9.6,rec,open-meteo
grenade,Juin,6,17,30,9,0.5,13.1,10.0,rec,open-meteo
grenade,Juillet,7,21,35,3,0.1,13.1,9.2,rec,open-meteo
grenade,Août,8,21,35,4,0.1,12.3,9.0,rec,open-meteo
grenade,Septembre,9,17,29,12,0.7,10.9,9.8,rec,open-meteo
grenade,Octobre,10,13,24,20,1.5,9.3,9.0,rec,open-meteo
grenade,Novembre,11,7,17,26,2.5,7.9,7.3,rec,open-meteo
grenade,Décembre,12,5,14,25,2.2,7.3,4.0,mid,open-meteo
acores,Janvier,1,13,16,56,4.6,6.7,4.0,mid,open-meteo
acores,Février,2,12,16,52,4.2,7.9,4.9,mid,open-meteo
acores,Mars,3,12,16,53,3.7,9.0,5.4,mid,open-meteo
acores,Avril,4,13,17,59,4.0,10.3,6.1,mid,open-meteo
acores,Mai,5,14,18,63,3.7,11.1,6.8,mid,open-meteo
acores,Juin,6,16,21,50,2.7,12.1,8.7,rec,open-meteo
acores,Juillet,7,18,23,46,1.6,12.6,10.0,rec,open-meteo
acores,Août,8,20,24,48,2.1,11.7,9.8,rec,open-meteo
acores,Septembre,9,19,23,53,2.5,10.7,8.8,rec,open-meteo
acores,Octobre,10,18,21,55,4.8,8.6,7.0,rec,open-meteo
acores,Novembre,11,15,19,52,4.3,7.6,6.9,mid,open-meteo
acores,Décembre,12,14,17,53,5.2,6.6,4.9,mid,open-meteo
antalya,Janvier,1,6,14,34,6.9,6.8,4.0,mid,open-meteo
antalya,Février,2,6,16,28,3.5,8.1,7.0,rec,open-meteo
antalya,Mars,3,8,18,27,3.1,9.4,7.8,rec,open-meteo
antalya,Avril,4,11,22,22,1.9,10.9,9.2,rec,open-meteo
antalya,Mai,5,15,27,24,2.1,12.0,10.0,rec,open-meteo
antalya,Juin,6,20,32,15,0.8,13.4,9.8,rec,open-meteo
antalya,Juillet,7,24,37,6,0.3,13.4,9.1,rec,open-meteo
antalya,Août,8,24,35,7,0.3,12.2,9.1,rec,open-meteo
antalya,Septembre,9,21,33,9,0.7,11.3,9.4,rec,open-meteo
antalya,Octobre,10,16,27,17,1.9,9.7,9.9,rec,open-meteo
antalya,Novembre,11,12,22,27,3.6,7.8,8.5,rec,open-meteo
antalya,Décembre,12,8,16,39,6.6,6.4,6.9,mid,open-meteo
cappadoce,Janvier,1,-4,5,30,1.7,6.8,4.0,mid,open-meteo
cappadoce,Février,2,-3,7,25,1.3,7.9,5.1,mid,open-meteo
cappadoce,Mars,3,0,11,37,1.9,8.6,5.5,mid,open-meteo
cappadoce,Avril,4,5,17,29,1.4,10.2,7.0,rec,open-meteo
cappadoce,Mai,5,9,21,41,2.0,11.6,7.8,rec,open-meteo
cappadoce,Juin,6,13,26,22,0.9,12.9,9.5,rec,open-meteo
cappadoce,Juillet,7,15,30,3,0.1,13.3,10.0,rec,open-meteo
cappadoce,Août,8,16,30,4,0.1,12.4,9.8,rec,open-meteo
cappadoce,Septembre,9,12,26,8,0.4,11.0,9.6,rec,open-meteo
cappadoce,Octobre,10,7,20,10,0.4,9.6,8.3,rec,open-meteo
cappadoce,Novembre,11,2,13,18,1.0,7.8,6.9,mid,open-meteo
cappadoce,Décembre,12,-1,8,29,1.6,6.5,4.7,mid,open-meteo
copenhague,Janvier,1,1,4,40,1.8,2.5,0.9,avoid,open-meteo
copenhague,Février,2,1,5,39,1.8,4.5,2.9,avoid,open-meteo
copenhague,Mars,3,2,7,35,1.5,6.5,4.0,mid,open-meteo
copenhague,Avril,4,4,10,30,1.4,10.0,6.9,mid,open-meteo
copenhague,Mai,5,9,15,31,1.3,11.7,7.0,rec,open-meteo
copenhague,Juin,6,13,20,33,1.7,12.6,10.0,rec,open-meteo
copenhague,Juillet,7,15,21,42,2.3,11.7,9.5,rec,open-meteo
copenhague,Août,8,15,21,38,2.0,10.6,9.4,rec,open-meteo
copenhague,Septembre,9,13,18,35,1.9,8.5,7.2,rec,open-meteo
copenhague,Octobre,10,9,13,42,2.5,5.2,4.8,mid,open-meteo
copenhague,Novembre,11,5,8,38,1.7,2.9,3.9,avoid,open-meteo
copenhague,Décembre,12,3,5,39,1.8,1.9,0.5,avoid,open-meteo
budapest,Janvier,1,-2,4,27,1.1,4.6,3.9,avoid,open-meteo
budapest,Février,2,0,8,30,1.5,5.9,4.4,mid,open-meteo
budapest,Mars,3,2,12,26,1.5,8.0,6.9,mid,open-meteo
budapest,Avril,4,6,17,30,1.6,9.8,7.3,rec,open-meteo
budapest,Mai,5,11,21,39,2.5,10.7,8.2,rec,open-meteo
budapest,Juin,6,16,27,36,2.3,12.6,9.6,rec,open-meteo
budapest,Juillet,7,18,28,29,2.3,12.5,10.0,rec,open-meteo
budapest,Août,8,18,28,26,1.8,11.6,10.0,rec,open-meteo
budapest,Septembre,9,13,23,25,2.1,9.3,8.9,rec,open-meteo
budapest,Octobre,10,8,17,24,1.6,7.1,7.0,rec,open-meteo
budapest,Novembre,11,3,9,32,2.1,4.5,4.0,mid,open-meteo
budapest,Décembre,12,0,5,29,1.7,3.6,0.5,avoid,open-meteo
cracovie,Janvier,1,-3,3,38,1.6,3.8,1.4,avoid,open-meteo
cracovie,Février,2,-1,6,43,2.0,4.7,1.8,avoid,open-meteo
cracovie,Mars,3,0,10,37,1.4,7.2,4.0,mid,open-meteo
cracovie,Avril,4,4,14,40,2.2,8.7,6.9,mid,open-meteo
cracovie,Mai,5,9,19,45,2.8,10.3,7.0,rec,open-meteo
cracovie,Juin,6,14,24,37,2.3,11.9,10.0,rec,open-meteo
cracovie,Juillet,7,15,25,48,3.9,11.4,9.4,rec,open-meteo
cracovie,Août,8,15,25,39,3.3,10.4,9.6,rec,open-meteo
cracovie,Septembre,9,11,20,39,3.6,8.3,7.2,rec,open-meteo
cracovie,Octobre,10,7,15,36,2.2,6.3,6.9,mid,open-meteo
cracovie,Novembre,11,2,8,35,1.8,4.1,3.9,avoid,open-meteo
cracovie,Décembre,12,-1,4,39,1.7,2.9,0.5,avoid,open-meteo
montenegro,Janvier,1,5,11,44,7.9,6.0,4.0,mid,open-meteo
montenegro,Février,2,7,13,41,7.7,7.1,5.6,mid,open-meteo
montenegro,Mars,3,9,15,46,8.4,8.4,6.8,mid,open-meteo
montenegro,Avril,4,12,18,43,4.8,10.3,7.0,rec,open-meteo
montenegro,Mai,5,16,22,51,6.1,11.3,8.0,rec,open-meteo
montenegro,Juin,6,21,27,29,2.6,12.9,9.8,rec,open-meteo
montenegro,Juillet,7,23,30,18,1.7,13.4,10.0,rec,open-meteo
montenegro,Août,8,24,31,25,2.9,12.3,9.3,rec,open-meteo
montenegro,Septembre,9,19,26,37,6.0,10.3,8.9,rec,open-meteo
montenegro,Octobre,10,15,21,34,7.1,8.6,7.9,rec,open-meteo
montenegro,Novembre,11,12,17,49,13.5,6.2,6.9,mid,open-meteo
montenegro,Décembre,12,7,13,42,9.2,5.7,4.8,mid,open-meteo
chypre,Janvier,1,10,16,32,3.2,8.0,5.5,mid,open-meteo
chypre,Février,2,9,17,23,1.6,8.9,7.3,rec,open-meteo
chypre,Mars,3,11,19,18,1.1,10.1,8.0,rec,open-meteo
chypre,Avril,4,14,23,14,0.6,11.3,9.1,rec,open-meteo
chypre,Mai,5,18,26,7,0.2,12.4,9.8,rec,open-meteo
chypre,Juin,6,21,30,1,0.0,13.3,10.0,rec,open-meteo
chypre,Juillet,7,24,33,0,0.0,13.2,9.4,rec,open-meteo
chypre,Août,8,24,32,1,0.0,12.2,9.4,rec,open-meteo
chypre,Septembre,9,22,31,1,0.0,11.3,9.5,rec,open-meteo
chypre,Octobre,10,19,27,8,0.7,10.2,9.6,rec,open-meteo
chypre,Novembre,11,15,23,18,1.1,8.7,8.6,rec,open-meteo
chypre,Décembre,12,12,18,33,3.2,7.8,7.0,rec,open-meteo
fes,Janvier,1,5,17,23,1.5,8.2,7.0,rec,open-meteo
fes,Février,2,7,19,24,1.7,8.8,7.6,rec,open-meteo
fes,Mars,3,8,20,32,3.0,9.2,7.6,rec,open-meteo
fes,Avril,4,11,23,28,2.1,10.1,8.6,rec,open-meteo
fes,Mai,5,14,28,16,1.2,11.3,10.0,rec,open-meteo
fes,Juin,6,18,33,7,0.3,12.2,9.3,rec,open-meteo
fes,Juillet,7,21,37,1,0.0,12.5,8.8,rec,open-meteo
fes,Août,8,21,38,3,0.2,11.8,8.5,rec,open-meteo
fes,Septembre,9,18,32,10,0.6,10.4,9.1,rec,open-meteo
fes,Octobre,10,15,28,18,1.4,9.1,9.5,rec,open-meteo
fes,Novembre,11,10,21,24,1.7,8.3,8.0,rec,open-meteo
fes,Décembre,12,7,18,25,2.2,7.7,7.1,rec,open-meteo
djerba,Janvier,1,10,17,7,0.4,8.5,7.1,rec,open-meteo
djerba,Février,2,11,19,11,0.6,9.0,7.6,rec,open-meteo
djerba,Mars,3,13,22,8,0.5,10.3,8.9,rec,open-meteo
djerba,Avril,4,15,23,10,0.6,10.8,9.1,rec,open-meteo
djerba,Mai,5,18,27,7,0.4,11.7,10.0,rec,open-meteo
djerba,Juin,6,22,32,0,0.0,12.8,9.6,rec,open-meteo
djerba,Juillet,7,24,34,0,0.0,13.0,9.1,rec,open-meteo
djerba,Août,8,25,34,2,0.1,12.2,8.8,rec,open-meteo
djerba,Septembre,9,24,32,9,0.4,10.8,8.8,rec,open-meteo
djerba,Octobre,10,20,28,11,0.7,9.6,9.6,rec,open-meteo
djerba,Novembre,11,15,23,13,0.9,8.8,8.6,rec,open-meteo
djerba,Décembre,12,12,18,15,0.8,8.1,7.0,rec,open-meteo
le-caire,Janvier,1,9,20,4,0.1,8.9,7.1,rec,open-meteo
le-caire,Février,2,10,21,6,0.2,9.1,7.5,rec,open-meteo
le-caire,Mars,3,12,25,4,0.3,10.1,9.5,rec,open-meteo
le-caire,Avril,4,15,30,2,0.1,11.3,10.0,rec,open-meteo
le-caire,Mai,5,19,35,1,0.0,11.9,7.7,rec,open-meteo
le-caire,Juin,6,22,37,0,0.0,12.7,7.6,rec,open-meteo
le-caire,Juillet,7,23,39,0,0.0,12.6,7.0,mid,open-meteo
le-caire,Août,8,24,38,0,0.0,12.0,7.0,rec,open-meteo
le-caire,Septembre,9,22,36,0,0.0,11.3,7.3,rec,open-meteo
le-caire,Octobre,10,19,32,2,0.1,10.2,8.6,rec,open-meteo
le-caire,Novembre,11,15,27,2,0.1,9.2,9.9,rec,open-meteo
le-caire,Décembre,12,11,22,4,0.2,8.6,8.1,rec,open-meteo
hurghada,Janvier,1,14,21,1,0.0,9.6,7.3,rec,open-meteo
hurghada,Février,2,14,22,2,0.0,9.8,7.8,rec,open-meteo
hurghada,Mars,3,17,24,1,0.1,10.7,8.6,rec,open-meteo
hurghada,Avril,4,20,28,0,0.0,11.4,10.0,rec,open-meteo
hurghada,Mai,5,24,31,0,0.0,12.2,8.9,rec,open-meteo
hurghada,Juin,6,27,34,0,0.0,12.7,7.7,rec,open-meteo
hurghada,Juillet,7,28,35,0,0.0,12.4,7.2,rec,open-meteo
hurghada,Août,8,29,35,0,0.0,11.9,7.0,rec,open-meteo
hurghada,Septembre,9,27,33,0,0.0,11.2,7.7,rec,open-meteo
hurghada,Octobre,10,23,30,0,0.1,10.6,8.8,rec,open-meteo
hurghada,Novembre,11,20,26,0,0.0,9.7,8.9,rec,open-meteo
hurghada,Décembre,12,16,23,1,0.0,9.3,7.9,rec,open-meteo
jordanie,Janvier,1,6,13,24,1.4,8.9,4.0,mid,open-meteo
jordanie,Février,2,7,14,25,1.5,9.4,6.9,mid,open-meteo
jordanie,Mars,3,9,18,19,1.1,10.3,7.8,rec,open-meteo
jordanie,Avril,4,14,24,10,0.4,11.4,9.3,rec,open-meteo
jordanie,Mai,5,17,28,4,0.2,12.5,10.0,rec,open-meteo
jordanie,Juin,6,21,31,0,0.0,12.9,9.6,rec,open-meteo
jordanie,Juillet,7,22,32,0,0.0,12.8,9.4,rec,open-meteo
jordanie,Août,8,23,32,0,0.0,12.2,9.3,rec,open-meteo
jordanie,Septembre,9,21,30,0,0.0,11.2,9.6,rec,open-meteo
jordanie,Octobre,10,17,26,5,0.2,10.4,9.5,rec,open-meteo
jordanie,Novembre,11,13,20,15,0.6,9.3,8.2,rec,open-meteo
jordanie,Décembre,12,9,15,19,1.0,8.7,7.0,rec,open-meteo
kenya,Janvier,1,15,26,30,1.7,10.7,9.7,rec,open-meteo
kenya,Février,2,15,27,28,1.6,11.0,10.0,rec,open-meteo
kenya,Mars,3,16,27,43,2.5,10.5,9.3,rec,open-meteo
kenya,Avril,4,16,25,86,5.9,9.6,7.0,rec,open-meteo
kenya,Mai,5,15,24,60,3.6,10.0,8.0,rec,open-meteo
kenya,Juin,6,13,23,30,1.2,9.3,8.9,rec,open-meteo
kenya,Juillet,7,13,23,15,0.6,8.1,9.3,rec,open-meteo
kenya,Août,8,13,23,26,1.0,8.1,8.9,rec,open-meteo
kenya,Septembre,9,13,25,25,1.1,9.7,9.6,rec,open-meteo
kenya,Octobre,10,15,26,47,3.1,10.2,8.9,rec,open-meteo
kenya,Novembre,11,15,24,76,4.7,9.7,7.3,rec,open-meteo
kenya,Décembre,12,15,25,55,2.7,10.4,8.4,rec,open-meteo
madagascar,Janvier,1,17,26,75,10.6,9.2,7.0,rec,open-meteo
madagascar,Février,2,17,26,75,9.0,9.6,7.1,rec,open-meteo
madagascar,Mars,3,17,25,67,6.0,9.8,7.3,rec,open-meteo
madagascar,Avril,4,16,25,36,1.8,9.8,8.7,rec,open-meteo
madagascar,Mai,5,13,23,12,0.4,9.4,9.3,rec,open-meteo
madagascar,Juin,6,11,20,10,0.5,9.1,8.5,rec,open-meteo
madagascar,Juillet,7,10,20,5,0.2,9.1,8.8,rec,open-meteo
madagascar,Août,8,11,22,6,0.3,9.8,9.5,rec,open-meteo
madagascar,Septembre,9,12,24,6,0.2,10.7,10.0,rec,open-meteo
madagascar,Octobre,10,14,27,20,1.1,11.1,10.0,rec,open-meteo
madagascar,Novembre,11,16,27,45,4.1,11.1,8.9,rec,open-meteo
madagascar,Décembre,12,16,27,57,6.9,10.5,8.2,rec,open-meteo
chiang-mai,Janvier,1,17,27,13,0.7,9.8,9.9,rec,open-meteo
chiang-mai,Février,2,18,30,6,0.9,10.6,10.0,rec,open-meteo
chiang-mai,Mars,3,21,34,6,0.3,10.8,9.1,rec,open-meteo
chiang-mai,Avril,4,24,35,22,1.9,10.7,8.2,rec,open-meteo
chiang-mai,Mai,5,25,34,60,6.6,10.2,7.0,rec,open-meteo
chiang-mai,Juin,6,24,31,87,8.0,8.9,5.1,mid,open-meteo
chiang-mai,Juillet,7,24,30,90,11.8,7.7,4.4,mid,open-meteo
chiang-mai,Août,8,24,29,96,13.3,7.3,4.0,mid,open-meteo
chiang-mai,Septembre,9,23,30,86,11.2,8.6,6.9,mid,open-meteo
chiang-mai,Octobre,10,22,29,59,5.8,9.3,8.1,rec,open-meteo
chiang-mai,Novembre,11,20,29,30,2.3,9.6,9.2,rec,open-meteo
chiang-mai,Décembre,12,18,27,10,0.8,9.7,10.0,rec,open-meteo
koh-samui,Janvier,1,25,28,57,4.3,10.2,9.4,rec,open-meteo
koh-samui,Février,2,25,29,48,2.1,10.7,9.6,rec,open-meteo
koh-samui,Mars,3,26,30,35,1.4,10.8,10.0,rec,open-meteo
koh-samui,Avril,4,26,31,49,3.6,10.5,8.9,rec,open-meteo
koh-samui,Mai,5,27,31,65,3.8,10.1,8.0,rec,open-meteo
koh-samui,Juin,6,26,31,54,2.5,9.6,8.4,rec,open-meteo
koh-samui,Juillet,7,26,31,59,3.2,8.9,8.0,rec,open-meteo
koh-samui,Août,8,26,31,59,2.7,9.4,8.1,rec,open-meteo
koh-samui,Septembre,9,26,30,67,4.4,8.6,7.8,rec,open-meteo
koh-samui,Octobre,10,25,29,88,7.3,8.3,7.0,rec,open-meteo
koh-samui,Novembre,11,25,28,83,9.5,8.2,7.6,rec,open-meteo
koh-samui,Décembre,12,25,28,63,7.2,9.2,8.8,rec,open-meteo
hanoi,Janvier,1,14,21,34,2.0,4.3,7.6,rec,open-meteo
hanoi,Février,2,15,22,36,1.8,3.9,7.8,rec,open-meteo
hanoi,Mars,3,19,26,39,2.4,3.8,8.5,rec,open-meteo
hanoi,Avril,4,22,29,41,3.5,6.1,9.1,rec,open-meteo
hanoi,Mai,5,25,31,58,7.0,8.1,7.9,rec,open-meteo
hanoi,Juin,6,27,33,60,8.9,8.6,7.1,rec,open-meteo
hanoi,Juillet,7,26,33,67,10.2,8.7,6.9,mid,open-meteo
hanoi,Août,8,26,32,80,13.5,7.7,4.0,mid,open-meteo
hanoi,Septembre,9,25,31,71,11.4,7.7,7.0,rec,open-meteo
hanoi,Octobre,10,22,28,44,6.9,7.3,9.6,rec,open-meteo
hanoi,Novembre,11,19,26,28,2.0,7.0,10.0,rec,open-meteo
hanoi,Décembre,12,15,22,22,1.1,5.5,9.0,rec,open-meteo
ho-chi-minh,Janvier,1,23,32,13,1.0,9.8,10.0,rec,open-meteo
ho-chi-minh,Février,2,23,34,14,0.7,10.6,9.4,rec,open-meteo
ho-chi-minh,Mars,3,25,35,16,0.6,11.1,9.0,rec,open-meteo
ho-chi-minh,Avril,4,26,35,39,2.9,11.1,7.6,rec,open-meteo
ho-chi-minh,Mai,5,26,33,83,8.0,9.7,6.0,mid,open-meteo
ho-chi-minh,Juin,6,25,32,91,8.8,9.0,5.1,mid,open-meteo
ho-chi-minh,Juillet,7,25,31,95,10.0,8.4,5.0,mid,open-meteo
ho-chi-minh,Août,8,25,31,95,10.2,9.1,5.6,mid,open-meteo
ho-chi-minh,Septembre,9,24,31,98,12.3,7.9,4.0,mid,open-meteo
ho-chi-minh,Octobre,10,24,30,89,10.4,7.9,6.9,mid,open-meteo
ho-chi-minh,Novembre,11,24,31,64,5.1,8.9,7.0,rec,open-meteo
ho-chi-minh,Décembre,12,23,31,34,2.3,9.0,8.9,rec,open-meteo
kyoto,Janvier,1,-1,8,24,1.7,6.8,4.0,mid,open-meteo
kyoto,Février,2,0,9,26,2.2,7.2,4.7,mid,open-meteo
kyoto,Mars,3,3,14,36,3.7,7.8,6.9,mid,open-meteo
kyoto,Avril,4,8,19,36,5.1,8.4,7.8,rec,open-meteo
kyoto,Mai,5,13,23,39,6.0,8.7,9.5,rec,open-meteo
kyoto,Juin,6,18,27,47,8.1,8.5,9.9,rec,open-meteo
kyoto,Juillet,7,23,31,55,8.3,9.1,8.5,rec,open-meteo
kyoto,Août,8,24,32,42,5.9,10.2,9.3,rec,open-meteo
kyoto,Septembre,9,20,28,49,6.4,8.3,10.0,rec,open-meteo
kyoto,Octobre,10,13,22,37,6.2,7.3,8.9,rec,open-meteo
kyoto,Novembre,11,7,16,22,2.3,7.5,7.0,rec,open-meteo
kyoto,Décembre,12,1,11,23,1.9,6.8,6.3,mid,open-meteo
hong-kong,Janvier,1,13,19,19,1.2,7.3,8.4,rec,open-meteo
hong-kong,Février,2,14,19,26,1.6,7.3,8.0,rec,open-meteo
hong-kong,Mars,3,17,22,42,3.1,7.4,8.3,rec,open-meteo
hong-kong,Avril,4,20,25,54,5.5,8.0,8.4,rec,open-meteo
hong-kong,Mai,5,23,27,70,8.7,8.3,8.0,rec,open-meteo
hong-kong,Juin,6,26,29,91,13.1,8.4,5.5,mid,open-meteo
hong-kong,Juillet,7,26,30,84,9.6,9.9,7.2,rec,open-meteo
hong-kong,Août,8,26,29,86,13.3,8.3,7.0,rec,open-meteo
hong-kong,Septembre,9,25,29,72,10.1,8.9,7.9,rec,open-meteo
hong-kong,Octobre,10,22,27,36,5.7,8.5,10.0,rec,open-meteo
hong-kong,Novembre,11,19,24,21,2.9,7.9,10.0,rec,open-meteo
hong-kong,Décembre,12,14,20,11,0.6,7.7,9.3,rec,open-meteo
seoul,Janvier,1,-7,2,10,0.6,7.3,4.7,mid,open-meteo
seoul,Février,2,-5,5,16,0.9,8.1,4.4,mid,open-meteo
seoul,Mars,3,0,12,20,1.4,8.8,6.9,mid,open-meteo
seoul,Avril,4,6,18,22,2.1,9.0,7.0,rec,open-meteo
seoul,Mai,5,12,23,27,3.6,9.7,9.4,rec,open-meteo
seoul,Juin,6,18,27,34,4.2,9.5,10.0,rec,open-meteo
seoul,Juillet,7,22,29,56,10.1,8.3,7.6,rec,open-meteo
seoul,Août,8,23,29,52,8.9,8.9,8.2,rec,open-meteo
seoul,Septembre,9,17,25,31,5.3,8.1,9.1,rec,open-meteo
seoul,Octobre,10,9,19,23,2.7,7.6,7.0,rec,open-meteo
seoul,Novembre,11,2,11,20,1.7,7.3,5.9,mid,open-meteo
seoul,Décembre,12,-5,3,15,0.9,6.9,4.0,mid,open-meteo
philippines,Janvier,1,23,29,35,2.3,9.4,9.8,rec,open-meteo
philippines,Février,2,23,30,27,1.4,10.1,10.0,rec,open-meteo
philippines,Mars,3,24,32,24,0.9,10.9,9.7,rec,open-meteo
philippines,Avril,4,26,34,33,1.4,11.4,8.8,rec,open-meteo
philippines,Mai,5,27,33,60,4.7,10.9,7.7,rec,open-meteo
philippines,Juin,6,26,31,87,9.3,10.1,6.9,mid,open-meteo
philippines,Juillet,7,26,30,92,14.0,8.3,4.3,mid,open-meteo
philippines,Août,8,26,30,88,11.4,8.6,6.3,mid,open-meteo
philippines,Septembre,9,25,30,92,11.9,8.1,4.0,mid,open-meteo
philippines,Octobre,10,25,30,83,7.9,8.6,7.0,rec,open-meteo
philippines,Novembre,11,25,30,58,4.5,9.4,8.4,rec,open-meteo
philippines,Décembre,12,24,30,53,5.1,8.8,8.5,rec,open-meteo
kuala-lumpur,Janvier,1,23,30,77,7.6,8.5,8.5,rec,open-meteo
kuala-lumpur,Février,2,24,32,64,4.5,9.8,9.9,rec,open-meteo
kuala-lumpur,Mars,3,24,32,81,7.1,9.6,6.7,mid,open-meteo
kuala-lumpur,Avril,4,24,31,94,10.0,8.9,4.8,mid,open-meteo
kuala-lumpur,Mai,5,25,31,88,8.7,8.5,5.6,mid,open-meteo
kuala-lumpur,Juin,6,24,31,75,6.1,9.1,8.2,rec,open-meteo
kuala-lumpur,Juillet,7,24,31,68,5.5,9.4,10.0,rec,open-meteo
kuala-lumpur,Août,8,24,31,79,6.9,9.0,7.2,rec,open-meteo
kuala-lumpur,Septembre,9,24,31,81,8.1,8.5,6.9,mid,open-meteo
kuala-lumpur,Octobre,10,24,31,76,8.3,8.2,7.0,rec,open-meteo
kuala-lumpur,Novembre,11,24,30,96,12.3,7.1,4.0,mid,open-meteo
kuala-lumpur,Décembre,12,24,30,88,10.4,7.8,6.2,mid,open-meteo
rajasthan,Janvier,1,9,21,6,0.5,9.4,8.9,rec,open-meteo
rajasthan,Février,2,13,26,3,0.1,9.9,10.0,rec,open-meteo
rajasthan,Mars,3,18,31,9,0.3,10.6,9.4,rec,open-meteo
rajasthan,Avril,4,23,37,4,0.2,11.3,8.5,rec,open-meteo
rajasthan,Mai,5,27,39,8,0.6,10.8,8.0,mid,open-meteo
rajasthan,Juin,6,28,38,28,2.2,10.1,7.3,rec,open-meteo
rajasthan,Juillet,7,26,33,69,7.4,8.5,5.5,mid,open-meteo
rajasthan,Août,8,25,31,64,6.1,8.4,7.0,rec,open-meteo
rajasthan,Septembre,9,24,32,41,3.0,9.8,7.9,rec,open-meteo
rajasthan,Octobre,10,21,32,7,0.7,10.0,9.2,rec,open-meteo
rajasthan,Novembre,11,15,27,4,0.2,9.5,10.0,rec,open-meteo
rajasthan,Décembre,12,11,23,4,0.2,9.2,9.4,rec,open-meteo
sri-lanka,Janvier,1,21,28,56,4.9,8.7,9.3,rec,open-meteo
sri-lanka,Février,2,21,29,45,2.6,9.9,9.9,rec,open-meteo
sri-lanka,Mars,3,22,31,43,2.6,10.3,9.4,rec,open-meteo
sri-lanka,Avril,4,24,33,58,4.0,10.4,7.8,rec,open-meteo
sri-lanka,Mai,5,25,32,50,5.4,9.6,8.4,rec,open-meteo
sri-lanka,Juin,6,25,32,26,0.8,10.4,10.0,rec,open-meteo
sri-lanka,Juillet,7,25,32,33,1.1,10.2,9.5,rec,open-meteo
sri-lanka,Août,8,24,32,39,1.6,10.1,9.2,rec,open-meteo
sri-lanka,Septembre,9,24,32,49,2.7,10.0,8.6,rec,open-meteo
sri-lanka,Octobre,10,23,31,74,7.8,8.8,7.2,rec,open-meteo
sri-lanka,Novembre,11,22,29,84,11.9,7.4,7.0,rec,open-meteo
sri-lanka,Décembre,12,22,28,72,7.6,8.1,8.2,rec,open-meteo
san-francisco,Janvier,1,8,14,34,4.1,6.6,4.5,mid,open-meteo
san-francisco,Février,2,8,15,29,3.4,8.1,6.9,mid,open-meteo
san-francisco,Mars,3,9,15,36,3.3,9.0,6.6,mid,open-meteo
san-francisco,Avril,4,10,16,15,1.1,10.8,8.0,rec,open-meteo
san-francisco,Mai,5,11,17,8,0.6,12.3,8.9,rec,open-meteo
san-francisco,Juin,6,13,19,1,0.0,13.0,9.9,rec,open-meteo
san-francisco,Juillet,7,13,19,0,0.0,12.6,9.9,rec,open-meteo
san-francisco,Août,8,14,20,1,0.0,11.8,10.0,rec,open-meteo
san-francisco,Septembre,9,14,21,4,0.1,10.9,10.0,rec,open-meteo
san-francisco,Octobre,10,13,20,10,1.0,9.3,9.1,rec,open-meteo
san-francisco,Novembre,11,10,16,23,2.1,7.8,7.0,rec,open-meteo
san-francisco,Décembre,12,8,13,32,4.3,6.2,4.0,mid,open-meteo
las-vegas,Janvier,1,4,14,12,0.7,8.0,7.0,rec,open-meteo
las-vegas,Février,2,5,17,10,0.6,9.2,7.9,rec,open-meteo
las-vegas,Mars,3,9,21,13,0.5,10.1,8.7,rec,open-meteo
las-vegas,Avril,4,14,27,5,0.2,11.8,10.0,rec,open-meteo
las-vegas,Mai,5,18,31,4,0.2,12.7,9.7,rec,open-meteo
las-vegas,Juin,6,24,39,2,0.1,13.2,8.6,mid,open-meteo
las-vegas,Juillet,7,28,41,5,0.2,12.8,8.3,mid,open-meteo
las-vegas,Août,8,26,40,6,0.5,12.0,8.2,mid,open-meteo
las-vegas,Septembre,9,22,35,4,0.3,11.0,8.7,rec,open-meteo
las-vegas,Octobre,10,15,28,4,0.2,10.2,9.9,rec,open-meteo
las-vegas,Novembre,11,9,20,6,0.5,8.8,8.6,rec,open-meteo
las-vegas,Décembre,12,4,15,8,0.5,7.8,7.3,rec,open-meteo
guadeloupe,Janvier,1,23,28,50,1.3,10.2,10.0,rec,open-meteo
guadeloupe,Février,2,23,28,53,1.6,10.5,9.9,rec,open-meteo
guadeloupe,Mars,3,23,29,52,1.8,10.9,9.7,rec,open-meteo
guadeloupe,Avril,4,24,29,59,2.0,11.2,9.4,rec,open-meteo
guadeloupe,Mai,5,25,30,58,2.5,11.1,9.0,rec,open-meteo
guadeloupe,Juin,6,26,31,65,2.9,11.0,8.2,rec,open-meteo
guadeloupe,Juillet,7,26,31,75,3.7,11.1,7.7,rec,open-meteo
guadeloupe,Août,8,26,31,79,4.7,10.8,7.4,rec,open-meteo
guadeloupe,Septembre,9,25,31,83,5.9,10.3,7.0,rec,open-meteo
guadeloupe,Octobre,10,25,30,75,5.2,9.7,7.7,rec,open-meteo
guadeloupe,Novembre,11,24,29,76,4.8,9.7,8.0,rec,open-meteo
guadeloupe,Décembre,12,24,29,63,2.1,9.9,8.8,rec,open-meteo
martinique,Janvier,1,23,28,58,1.9,10.3,9.8,rec,open-meteo
martinique,Février,2,23,28,57,1.9,10.7,10.0,rec,open-meteo
martinique,Mars,3,23,29,54,1.7,11.2,9.9,rec,open-meteo
martinique,Avril,4,24,29,55,1.6,11.5,9.9,rec,open-meteo
martinique,Mai,5,25,30,56,2.0,11.4,9.3,rec,open-meteo
martinique,Juin,6,25,30,71,3.4,11.1,7.9,rec,open-meteo
martinique,Juillet,7,25,30,81,4.2,11.1,7.0,rec,open-meteo
martinique,Août,8,25,30,79,3.7,11.0,7.1,rec,open-meteo
martinique,Septembre,9,25,30,73,4.0,10.6,7.5,rec,open-meteo
martinique,Octobre,10,25,30,70,3.9,10.1,7.5,rec,open-meteo
martinique,Novembre,11,24,29,70,4.0,10.0,8.0,rec,open-meteo
martinique,Décembre,12,23,28,60,2.2,10.0,9.5,rec,open-meteo
republique-dominicaine,Janvier,1,21,28,36,1.3,9.9,10.0,rec,open-meteo
republique-dominicaine,Février,2,21,29,43,1.5,10.3,9.4,rec,open-meteo
republique-dominicaine,Mars,3,21,29,48,2.0,10.9,9.3,rec,open-meteo
republique-dominicaine,Avril,4,22,29,63,3.6,10.8,8.5,rec,open-meteo
republique-dominicaine,Mai,5,23,29,72,4.2,10.8,8.0,rec,open-meteo
republique-dominicaine,Juin,6,24,30,76,3.6,11.1,7.5,rec,open-meteo
republique-dominicaine,Juillet,7,24,31,76,4.4,11.0,7.2,rec,open-meteo
republique-dominicaine,Août,8,24,31,77,5.3,10.5,7.0,rec,open-meteo
republique-dominicaine,Septembre,9,24,31,74,5.0,10.0,7.0,rec,open-meteo
republique-dominicaine,Octobre,10,23,30,66,5.2,9.6,7.7,rec,open-meteo
republique-dominicaine,Novembre,11,22,29,61,4.3,9.5,8.3,rec,open-meteo
republique-dominicaine,Décembre,12,22,29,44,2.1,10.0,9.3,rec,open-meteo
punta-cana,Janvier,1,23,27,57,2.1,10.1,9.3,rec,open-meteo
punta-cana,Février,2,23,27,66,2.4,10.5,8.7,rec,open-meteo
punta-cana,Mars,3,23,27,52,1.9,10.9,10.0,rec,open-meteo
punta-cana,Avril,4,24,28,64,3.1,11.0,9.4,rec,open-meteo
punta-cana,Mai,5,25,29,67,4.0,11.1,8.6,rec,open-meteo
punta-cana,Juin,6,26,29,69,3.3,11.4,8.5,rec,open-meteo
punta-cana,Juillet,7,26,30,78,4.0,11.1,7.1,rec,open-meteo
punta-cana,Août,8,26,30,77,4.6,10.6,7.0,rec,open-meteo
punta-cana,Septembre,9,26,30,64,5.5,10.2,7.9,rec,open-meteo
punta-cana,Octobre,10,25,29,70,5.1,9.6,7.7,rec,open-meteo
punta-cana,Novembre,11,24,28,74,6.4,9.5,7.9,rec,open-meteo
punta-cana,Décembre,12,24,27,66,2.5,10.0,8.5,rec,open-meteo
perou,Janvier,1,20,24,11,0.4,10.7,9.8,rec,open-meteo
perou,Février,2,21,25,14,0.5,10.5,9.7,rec,open-meteo
perou,Mars,3,21,25,18,0.6,10.6,9.4,rec,open-meteo
perou,Avril,4,19,23,4,0.1,10.6,10.0,rec,open-meteo
perou,Mai,5,17,21,0,0.0,9.9,9.1,rec,open-meteo
perou,Juin,6,15,20,0,0.0,9.5,8.2,rec,open-meteo
perou,Juillet,7,14,19,0,0.0,9.8,7.7,rec,open-meteo
perou,Août,8,14,18,0,0.0,9.7,7.0,rec,open-meteo
perou,Septembre,9,14,19,0,0.1,10.1,7.8,rec,open-meteo
perou,Octobre,10,15,19,2,0.1,10.4,7.8,rec,open-meteo
perou,Novembre,11,16,21,1,0.0,10.9,9.4,rec,open-meteo
perou,Décembre,12,18,22,6,0.3,10.7,9.5,rec,open-meteo
machu-picchu,Janvier,1,14,21,97,10.5,8.6,4.4,mid,open-meteo
machu-picchu,Février,2,14,21,98,10.0,8.0,4.0,mid,open-meteo
machu-picchu,Mars,3,14,21,96,8.9,8.6,4.5,mid,open-meteo
machu-picchu,Avril,4,13,21,83,5.8,9.5,6.3,mid,open-meteo
machu-picchu,Mai,5,13,21,53,2.6,10.0,7.0,rec,open-meteo
machu-picchu,Juin,6,11,20,37,1.5,9.7,8.1,rec,open-meteo
machu-picchu,Juillet,7,11,21,34,1.5,10.1,10.0,rec,open-meteo
machu-picchu,Août,8,12,21,49,2.3,10.1,7.7,rec,open-meteo
machu-picchu,Septembre,9,13,21,80,5.3,10.1,6.9,mid,open-meteo
machu-picchu,Octobre,10,13,21,87,7.1,9.6,5.9,mid,open-meteo
machu-picchu,Novembre,11,14,21,93,8.2,8.6,4.8,mid,open-meteo
machu-picchu,Décembre,12,14,21,96,9.6,8.2,4.3,mid,open-meteo
colombie,Janvier,1,9,19,47,1.7,10.2,8.9,rec,open-meteo
colombie,Février,2,10,19,59,2.5,9.7,7.0,rec,open-meteo
colombie,Mars,3,10,18,75,3.8,9.3,4.3,mid,open-meteo
colombie,Avril,4,10,18,69,3.8,9.1,4.9,mid,open-meteo
colombie,Mai,5,10,17,69,3.1,9.2,4.1,mid,open-meteo
colombie,Juin,6,10,17,64,2.6,9.8,5.0,mid,open-meteo
colombie,Juillet,7,9,16,65,2.5,9.7,4.0,mid,open-meteo
colombie,Août,8,9,17,41,1.3,10.5,8.0,rec,open-meteo
colombie,Septembre,9,9,18,34,1.1,10.7,10.0,rec,open-meteo
colombie,Octobre,10,9,18,55,2.3,9.9,6.9,mid,open-meteo
colombie,Novembre,11,10,18,65,3.3,9.6,5.6,mid,open-meteo
colombie,Décembre,12,9,18,49,1.8,10.1,7.6,rec,open-meteo
sydney,Janvier,1,19,27,43,3.4,10.3,9.6,rec,open-meteo
sydney,Février,2,19,26,47,3.8,10.1,9.2,rec,open-meteo
sydney,Mars,3,18,25,51,5.1,9.1,8.6,rec,open-meteo
sydney,Avril,4,15,23,33,2.6,9.1,9.1,rec,open-meteo
sydney,Mai,5,11,20,28,2.5,8.2,8.3,rec,open-meteo
sydney,Juin,6,9,17,32,2.5,7.7,7.0,rec,open-meteo
sydney,Juillet,7,8,17,24,2.4,8.1,7.5,rec,open-meteo
sydney,Août,8,9,18,24,2.2,8.7,7.9,rec,open-meteo
sydney,Septembre,9,11,21,24,1.8,9.8,9.1,rec,open-meteo
sydney,Octobre,10,13,23,36,2.4,9.9,9.1,rec,open-meteo
sydney,Novembre,11,15,24,37,2.7,10.8,9.4,rec,open-meteo
sydney,Décembre,12,18,26,34,2.1,11.1,10.0,rec,open-meteo
nouvelle-zelande,Janvier,1,15,20,26,1.5,11.4,10.0,rec,open-meteo
nouvelle-zelande,Février,2,16,20,26,2.8,10.5,9.7,rec,open-meteo
nouvelle-zelande,Mars,3,14,19,32,2.3,9.2,8.4,rec,open-meteo
nouvelle-zelande,Avril,4,13,17,32,3.3,7.9,7.0,rec,open-meteo
nouvelle-zelande,Mai,5,11,15,37,3.3,6.7,6.1,mid,open-meteo
nouvelle-zelande,Juin,6,10,13,41,3.6,5.7,4.3,mid,open-meteo
nouvelle-zelande,Juillet,7,9,12,43,3.7,6.1,4.0,mid,open-meteo
nouvelle-zelande,Août,8,9,12,42,3.2,7.1,4.5,mid,open-meteo
nouvelle-zelande,Septembre,9,10,13,40,2.9,8.4,5.6,mid,open-meteo
nouvelle-zelande,Octobre,10,11,15,41,2.5,9.5,6.9,mid,open-meteo
nouvelle-zelande,Novembre,11,13,17,39,2.8,10.4,7.3,rec,open-meteo
nouvelle-zelande,Décembre,12,14,18,37,2.7,11.0,8.2,rec,open-meteo
polynesie,Janvier,1,25,28,91,15.8,9.0,7.7,rec,open-meteo
polynesie,Février,2,25,29,93,15.7,9.2,7.0,rec,open-meteo
polynesie,Mars,3,25,29,91,8.5,9.7,7.4,rec,open-meteo
polynesie,Avril,4,25,29,88,9.0,9.0,7.4,rec,open-meteo
polynesie,Mai,5,24,28,70,4.6,9.3,9.7,rec,open-meteo
polynesie,Juin,6,24,27,75,6.0,9.0,8.8,rec,open-meteo
polynesie,Juillet,7,23,27,66,5.1,9.3,9.7,rec,open-meteo
polynesie,Août,8,22,27,65,4.7,9.8,10.0,rec,open-meteo
polynesie,Septembre,9,23,27,78,5.9,10.3,9.1,rec,open-meteo
polynesie,Octobre,10,23,27,78,7.8,10.4,9.1,rec,open-meteo
polynesie,Novembre,11,24,28,88,11.5,10.1,8.4,rec,open-meteo
polynesie,Décembre,12,24,28,94,14.8,9.5,7.6,rec,open-meteo
bora-bora,Janvier,1,22,24,84,9.9,9.7,7.0,rec,open-meteo
bora-bora,Février,2,23,25,75,9.5,9.6,7.9,rec,open-meteo
bora-bora,Mars,3,23,25,77,5.0,10.4,8.0,rec,open-meteo
bora-bora,Avril,4,23,25,77,6.9,9.8,7.8,rec,open-meteo
bora-bora,Mai,5,23,24,61,3.3,9.7,8.6,rec,open-meteo
bora-bora,Juin,6,22,24,55,3.7,9.5,9.0,rec,open-meteo
bora-bora,Juillet,7,22,23,51,2.2,9.9,9.1,rec,open-meteo
bora-bora,Août,8,21,23,40,2.1,10.1,10.0,rec,open-meteo
bora-bora,Septembre,9,21,23,45,2.7,10.5,9.8,rec,open-meteo
bora-bora,Octobre,10,22,23,56,4.4,10.8,9.1,rec,open-meteo
bora-bora,Novembre,11,22,24,72,6.6,10.8,8.2,rec,open-meteo
bora-bora,Décembre,12,22,24,77,8.7,10.1,7.6,rec,open-meteo
dublin,Janvier,1,4,8,41,2.2,3.7,1.4,avoid,open-meteo
dublin,Février,2,4,9,48,2.5,4.9,2.0,avoid,open-meteo
dublin,Mars,3,5,10,45,2.5,6.7,4.0,mid,open-meteo
dublin,Avril,4,6,12,41,2.4,8.7,5.3,mid,open-meteo
dublin,Mai,5,9,15,40,1.9,10.9,6.9,mid,open-meteo
dublin,Juin,6,12,18,48,2.7,10.7,7.0,rec,open-meteo
dublin,Juillet,7,13,19,47,2.6,9.9,9.9,rec,open-meteo
dublin,Août,8,13,19,45,2.6,9.5,10.0,rec,open-meteo
dublin,Septembre,9,11,17,46,3.1,7.7,6.5,mid,open-meteo
dublin,Octobre,10,9,14,46,3.0,5.7,4.6,mid,open-meteo
dublin,Novembre,11,6,11,44,3.0,4.2,3.9,avoid,open-meteo
dublin,Décembre,12,5,9,45,2.8,2.9,0.5,avoid,open-meteo
